Date,AAPL,GLD,MSFT,SPY
2019-07-01,48.62883377075195,,129.3974151611328,
2019-07-02,48.91353225708008,,130.25575256347656,
2019-07-03,49.31888961791992,,131.09500122070312,
2019-07-05,49.275447845458984,,130.7135467529297,
2019-07-08,48.25969314575195,,130.61814880371094,
2019-07-09,48.554046630859375,,130.1413116455078,
2019-07-10,49.034175872802734,,131.46694946289062,
2019-07-11,48.677093505859375,,131.99148559570312,
2019-07-12,49.051063537597656,,132.46835327148438,
2019-07-15,49.511905670166016,,132.46835327148438,
2019-07-16,49.34059524536133,,130.73260498046875,
2019-07-17,49.063133239746094,,129.9601287841797,
2019-07-18,49.620479583740234,136.47999572753906,130.10316467285156,
2019-07-19,48.87975311279297,134.47000122070312,130.29391479492188,
2019-07-22,49.996864318847656,134.4499969482422,132.02008056640625,
2019-07-23,50.387725830078125,133.69000244140625,132.84027099609375,
2019-07-24,50.34670639038086,134.3699951171875,134.2040557861328,
2019-07-25,49.948604583740234,133.4199981689453,133.69862365722656,
2019-07-26,50.122318267822266,133.63999938964844,134.79534912109375,
2019-07-29,50.59038162231445,134.52999877929688,134.4996795654297,
2019-07-30,50.37324905395508,134.97999572753906,133.85118103027344,
2019-07-31,51.401084899902344,133.2100067138672,129.9601287841797,
2019-08-01,50.2888069152832,136.41000366210938,131.6671905517578,
2019-08-02,49.22478103637695,135.88999938964844,130.5609588623047,
2019-08-05,46.64796447753906,137.7899932861328,126.0881118774414,
2019-08-06,47.531036376953125,138.91000366210938,128.45327758789062,
2019-08-07,48.02322769165039,141.02000427246094,129.01597595214844,
2019-08-08,49.082427978515625,141.72999572753906,132.4587860107422,
2019-08-09,48.67797088623047,141.25999450683594,131.33343505859375,
2019-08-12,48.55445098876953,142.6300048828125,129.50233459472656,
2019-08-13,50.610652923583984,141.77999877929688,132.1822052001953,
2019-08-14,49.104225158691406,142.75,128.20162963867188,
2019-08-15,48.859619140625,143.6999969482422,127.91455841064453,
2019-08-16,50.0124397277832,142.77999877929688,130.25892639160156,
2019-08-19,50.944881439208984,141.11000061035156,132.44061279296875,
2019-08-20,50.94730758666992,142.2100067138672,131.34017944335938,
2019-08-21,,141.75999450683594,132.80416870117188,
2019-08-22,,141.39999389648438,131.83778381347656,
2019-08-23,,144.1699981689453,127.63710021972656,
2019-08-26,,144.19000244140625,129.60829162597656,
2019-08-27,,145.57000732421875,129.8857421875,
2019-08-28,,145.16000366210938,129.71348571777344,
2019-08-29,,144.1199951171875,132.1630859375,
2019-08-30,,143.75,131.91429138183594,
2019-09-03,,145.75,130.17279052734375,
2019-09-04,,146.66000366210938,131.6942138671875,
2019-09-05,,143.13999938964844,134.0098419189453,
2019-09-06,,141.9199981689453,133.10079956054688,
2019-09-09,,141.38999938964844,131.58897399902344,
2019-09-10,,140.17999267578125,130.2111053466797,
2019-09-11,,141.02999877929688,130.2493133544922,
2019-09-12,54.0303955078125,141.32000732421875,131.58897399902344,
2019-09-13,52.979286193847656,140.14999389648438,131.39759826660156,
2019-09-16,53.2578010559082,141.32000732421875,130.45028686523438,
2019-09-17,53.45155334472656,141.60000610351562,131.46453857421875,
2019-09-18,53.9528923034668,140.7100067138672,132.5458526611328,
2019-09-19,53.5145263671875,141.27999877929688,134.98583984375,
2019-09-20,52.73225021362305,142.9499969482422,133.42617797851562,
2019-09-23,52.97201919555664,143.75,133.1391143798828,
2019-09-24,52.72013854980469,144.50999450683594,131.45501708984375,
2019-09-25,53.53147888183594,141.8300018310547,133.34957885742188,
2019-09-26,53.25537872314453,141.7899932861328,133.52183532714844,
2019-09-27,52.99624252319336,141.05999755859375,131.78990173339844,
2019-09-30,54.24351501464844,138.8699951171875,133.03382873535156,
2019-10-01,54.393672943115234,139.6300048828125,131.1584014892578,
2019-10-02,53.0301513671875,141.25999450683594,128.8427276611328,
2019-10-03,53.48062515258789,141.89999389648438,130.4024658203125,
2019-10-04,54.97978210449219,141.89999389648438,132.1630859375,
2019-10-07,54.991886138916016,140.69000244140625,131.20620727539062,
2019-10-08,54.34767150878906,141.9199981689453,129.81874084472656,
2019-10-09,54.984622955322266,142.0500030517578,132.2779541015625,
2019-10-10,55.725730895996094,140.80999755859375,133.10079956054688,
2019-10-11,57.207950592041016,140.02999877929688,133.65582275390625,
2019-10-14,57.125587463378906,140.58999633789062,133.53140258789062,
2019-10-15,56.992393493652344,139.61000061035156,135.46429443359375,
2019-10-16,56.76231384277344,140.41000366210938,134.3542938232422,
2019-10-17,56.98270034790039,140.61000061035156,133.6653594970703,
2019-10-18,57.256378173828125,140.4600067138672,131.4837188720703,
2019-10-21,58.249359130859375,139.7899932861328,132.459716796875,
2019-10-22,58.11614990234375,140.1999969482422,130.48854064941406,
2019-10-23,58.89600372314453,140.52999877929688,131.32106018066406,
2019-10-24,58.99288558959961,141.52999877929688,133.9046173095703,
2019-10-25,59.71946334838867,141.86000061035156,134.66050720214844,
2019-10-28,60.31767654418945,140.63999938964844,137.9713134765625,
2019-10-29,58.92264938354492,140.25,136.669921875,
2019-10-30,58.915382385253906,141.02000427246094,138.3731689453125,282.4040222167969
2019-10-31,60.247440338134766,142.42999267578125,137.18663024902344,281.65191650390625
2019-11-01,61.95730972290039,142.55999755859375,137.5215606689453,284.2611389160156
2019-11-04,62.36418914794922,142.14999389648438,138.3157958984375,285.4031982421875
2019-11-05,62.27457809448242,139.85000610351562,138.2296600341797,285.08746337890625
2019-11-06,62.30122375488281,140.4499969482422,137.84690856933594,285.1524963378906
2019-11-07,63.020240783691406,138.27000427246094,138.0382843017578,286.1553039550781
2019-11-08,63.1927375793457,137.38999938964844,139.6649932861328,286.8609313964844
2019-11-11,63.693153381347656,137.05999755859375,,286.3131408691406
2019-11-12,63.63484191894531,137.42999267578125,,286.9166564941406
2019-11-13,64.24455261230469,137.97999572753906,,287.00958251953125
2019-11-14,63.80004119873047,138.55999755859375,,287.4273986816406
2019-11-15,64.55792999267578,138.2100067138672,,289.50726318359375
2019-11-18,64.8834228515625,138.6199951171875,,289.7208251953125
2019-11-19,64.6866683959961,138.69000244140625,,289.6373596191406
2019-11-20,63.933631896972656,138.75999450683594,,288.5601501464844
2019-11-21,63.646968841552734,138.0,,288.0959777832031
2019-11-22,63.59112548828125,137.74000549316406,,288.7366027832031
2019-11-25,64.70609283447266,137.0800018310547,,290.9743957519531
2019-11-26,64.2008285522461,137.74000549316406,,291.6336669921875
2019-11-27,65.06319427490234,137.00999450683594,,292.9336242675781
2019-11-29,64.91987609863281,137.86000061035156,,291.8471984863281
2019-12-02,64.16924285888672,137.7899932861328,,289.3680725097656
2019-12-03,63.025108337402344,139.11000061035156,,287.4273986816406
2019-12-04,63.58137893676758,138.9199981689453,143.87510681152344,289.200927734375
2019-12-05,64.51420593261719,139.0,143.95188903808594,289.7208251953125
2019-12-06,65.76036834716797,137.6199951171875,145.69935607910156,292.3671569824219
2019-12-09,64.8397216796875,137.5800018310547,145.3249053955078,291.447998046875
2019-12-10,65.21864318847656,137.97000122070312,145.1040496826172,291.12298583984375
2019-12-11,65.77495574951172,138.9199981689453,145.6513214111328,291.9494323730469
2019-12-12,65.94256591796875,138.42999267578125,147.1299285888672,294.4656982421875
2019-12-13,66.83893585205078,139.0500030517578,148.3685302734375,294.6420593261719
2019-12-16,67.98306274414062,139.0399932861328,149.32862854003906,296.6662902832031
2019-12-17,68.11668395996094,139.00999450683594,148.52212524414062,296.7312927246094
2019-12-18,67.95391082763672,139.02000427246094,148.21487426757812,296.7498474121094
2019-12-19,68.02191162109375,139.3800048828125,149.50143432617188,297.9661865234375
2019-12-20,67.88104248046875,139.52000427246094,151.1336669921875,299.27252197265625
2019-12-23,68.98876190185547,139.9499969482422,151.1336669921875,299.7297668457031
2019-12-24,69.05435180664062,141.27000427246094,151.10484313964844,299.7391357421875
2019-12-26,70.42439270019531,142.3800048828125,152.34341430664062,301.334716796875
2019-12-27,70.39767456054688,142.3300018310547,152.62185668945312,301.2600402832031
2019-12-30,70.81549072265625,142.6300048828125,151.30648803710938,299.5991516113281
2019-12-31,71.3329086303711,142.89999389648438,151.412109375,300.3269958496094
2020-01-02,72.96045684814453,143.9499969482422,154.21566772460938,303.13555908203125
2020-01-03,72.25115203857422,145.86000061035156,152.29544067382812,300.8402099609375
2020-01-06,72.82685852050781,147.38999938964844,152.6890869140625,301.9878845214844
2020-01-07,72.48432922363281,147.97000122070312,151.296875,301.1387634277344
2020-01-08,73.65034484863281,146.86000061035156,153.706787109375,302.74371337890625
2020-01-09,75.2147445678711,146.02999877929688,155.62704467773438,304.7965393066406
2020-01-10,75.384765625,146.91000366210938,154.90695190429688,303.9193420410156
2020-01-13,76.99533081054688,145.82000732421875,156.76959228515625,306.0096130371094
2020-01-14,75.95565032958984,145.69000244140625,155.6654815673828,305.5429992675781
2020-01-15,75.6301498413086,146.5399932861328,156.67359924316406,306.2334899902344
2020-01-16,76.5775146484375,146.30999755859375,159.5443572998047,308.7809143066406
2020-01-17,77.42530059814453,146.5800018310547,160.4373016357422,309.7419738769531
2020-01-21,76.90058898925781,146.74000549316406,159.8612060546875,309.1354064941406
2020-01-22,77.17509460449219,146.7899932861328,159.09310913085938,309.1727600097656
2020-01-23,77.54676818847656,147.1199951171875,160.07244873046875,309.5273132324219
2020-01-24,77.32324981689453,,158.4594268798828,306.77471923828125
2020-01-27,75.04956817626953,,155.80947875976562,301.8572692871094
2020-01-28,77.17265319824219,,158.8627166748047,305.02044677734375
2020-01-29,78.78807067871094,,161.33982849121094,304.7685241699219
2020-01-30,78.67388153076172,,165.8907928466797,305.757568359375
2020-01-31,75.18557739257812,,163.44247436523438,300.2057189941406
2020-02-03,74.97911071777344,,167.42706298828125,302.4356994628906
2020-02-04,77.45443725585938,,172.9381561279297,307.0452575683594
2020-02-05,78.08602905273438,,172.72691345214844,310.59100341796875
2020-02-06,78.99939727783203,,176.3082275390625,311.6361083984375
2020-02-07,77.92558288574219,,176.5578155517578,309.97528076171875
2020-02-10,78.29570007324219,,181.17605590820312,312.2893371582031
2020-02-11,77.82331848144531,,177.08592224121094,312.8305358886719
2020-02-12,79.67144012451172,,177.3451690673828,314.8460388183594
2020-02-13,79.1041030883789,,176.38499450683594,314.5100402832031
2020-02-14,79.12358856201172,149.0,177.9596405029297,315.013916015625
2020-02-18,77.67479705810547,150.91000366210938,179.76466369628906,314.2021484375
2020-02-19,78.79975128173828,151.7899932861328,180.3037872314453,315.704345703125
2020-02-20,77.99131774902344,152.41000366210938,177.55032348632812,314.4074401855469
2020-02-21,76.22601318359375,154.6999969482422,171.93748474121094,311.1695556640625
2020-02-24,72.60523986816406,156.08999633789062,164.52432250976562,300.8495178222656
2020-02-25,70.14593505859375,153.3000030517578,161.80938720703125,291.73309326171875
2020-02-26,71.25872039794922,153.97000122070312,163.8311309814453,290.6601257324219
2020-02-27,66.60065460205078,154.0,152.28778076171875,277.60601806640625
2020-02-28,66.56168365478516,148.3800048828125,155.97512817382812,276.4396667480469
2020-03-02,72.75862884521484,149.1999969482422,166.35353088378906,288.4112854003906
2020-03-03,70.4478759765625,153.88999938964844,158.38197326660156,280.1534118652344
2020-03-04,73.71556091308594,154.16000366210938,164.19699096679688,291.9290771484375
2020-03-05,71.3244400024414,157.49000549316406,160.07643127441406,282.224853515625
2020-03-06,70.37726593017578,157.5500030517578,155.55149841308594,277.5593566894531
2020-03-09,64.81098937988281,157.80999755859375,145.00938415527344,255.88351440429688
2020-03-10,69.47874450683594,154.47999572753906,154.9257049560547,269.12420654296875
2020-03-11,67.06573486328125,153.92999267578125,147.90728759765625,256.0047607421875
2020-03-12,60.44268035888672,147.7899932861328,133.8800048828125,231.51097106933594
2020-03-13,67.68418884277344,143.27999877929688,152.91354370117188,251.30201721191406
2020-03-16,58.976837158203125,141.63999938964844,130.37559509277344,223.80357360839844
2020-03-17,61.5700569152832,143.55999755859375,141.11029052734375,235.88722229003906
2020-03-18,60.06281661987305,140.6999969482422,135.1700897216797,223.94357299804688
2020-03-19,59.60261535644531,138.0399932861328,137.39402770996094,224.41943359375
2020-03-20,55.81871795654297,140.11000061035156,132.23370361328125,214.7482452392578
2020-03-23,54.63289260864258,146.3000030517578,130.9147186279297,209.2575225830078
2020-03-24,60.11395263671875,153.39999389648438,142.81431579589844,228.21693420410156
2020-03-25,59.78281021118164,151.3000030517578,141.4472198486328,231.63339233398438
2020-03-26,62.92874526977539,153.24000549316406,150.29489135742188,245.158447265625
2020-03-27,60.323360443115234,152.25,144.12367248535156,237.85623168945312
2020-03-30,62.04487609863281,152.9199981689453,154.2614288330078,245.58074951171875
2020-03-31,61.91824722290039,148.0500030517578,151.83529663085938,241.9202880859375
2020-04-01,58.66029357910156,149.4499969482422,146.4438934326172,231.03268432617188
2020-04-02,59.63914489746094,151.89999389648438,149.47653198242188,236.36386108398438
2020-04-03,58.78204345703125,152.64999389648438,148.09982299804688,232.9474334716797
2020-04-06,63.910030364990234,156.8800048828125,159.11366271972656,248.59359741210938
2020-04-07,63.16981506347656,156.0399932861328,157.3999786376953,248.84701538085938
2020-04-08,64.78663635253906,154.64999389648438,158.97889709472656,257.200439453125
2020-04-09,65.25414276123047,158.69000244140625,158.98851013183594,261.1143798828125
2020-04-13,66.534912109375,161.41000366210938,159.34474182128906,258.7303161621094
2020-04-14,69.89512634277344,162.67999267578125,167.22967529296875,266.361083984375
2020-04-15,69.2571792602539,161.85000610351562,165.4774627685547,260.70135498046875
2020-04-16,69.8074722290039,161.7100067138672,170.4452362060547,261.9591064453125
2020-04-17,68.86029052734375,158.57000732421875,171.94712829589844,269.03607177734375
2020-04-20,67.43096923828125,159.6999969482422,168.53897094726562,264.2961120605469
2020-04-21,65.3466567993164,158.61000061035156,161.5686798095703,256.271240234375
2020-04-22,67.22886657714844,161.72999572753906,167.05636596679688,261.9591064453125
2020-04-23,66.96833801269531,163.33999633789062,165.0345916748047,261.94024658203125
2020-04-24,68.90165710449219,162.63999938964844,168.0479736328125,265.5914001464844
2020-04-27,68.95039367675781,161.55999755859375,167.56663513183594,269.4207763671875
2020-04-28,67.83272552490234,160.83999633789062,163.48455810546875,268.181884765625
2020-04-29,70.06071472167969,161.72999572753906,170.82070922851562,275.2025146484375
2020-04-30,71.53871154785156,158.8000030517578,172.53443908691406,272.6401672363281
2020-05-01,70.38699340820312,159.77999877929688,168.06727600097656,265.4224853515625
2020-05-04,71.38289642333984,160.33999633789062,172.17819213867188,266.154541015625
2020-05-05,72.45426177978516,161.02000427246094,174.02664184570312,268.6136474609375
2020-05-06,73.20179748535156,158.9499969482422,175.74037170410156,266.79278564453125
2020-05-07,73.95906066894531,161.38999938964844,176.76089477539062,270.0121765136719
2020-05-08,75.71941375732422,160.4199981689453,177.80064392089844,274.4798278808594
2020-05-11,76.91089630126953,159.4199981689453,179.783935546875,274.5361328125
2020-05-12,76.03194427490234,160.0399932861328,175.7114715576172,269.0641784667969
2020-05-13,75.1139144897461,161.5800018310547,173.05429077148438,264.3055419921875
2020-05-14,75.57537078857422,163.00999450683594,173.80526733398438,267.4685974121094
2020-05-15,75.12857055664062,163.92999267578125,176.3372802734375,268.6981506347656
2020-05-18,76.89865112304688,162.69000244140625,178.02212524414062,276.882568359375
2020-05-19,76.45433044433594,164.25999450683594,176.78976440429688,274.03863525390625
2020-05-20,77.94121551513672,164.64999389648438,179.24195861816406,278.6940612792969
2020-05-21,77.3601303100586,162.25,177.0890350341797,276.76995849609375
2020-05-22,77.85820007324219,163.2100067138672,177.166259765625,277.2955322265625
2020-05-26,77.33082580566406,160.88999938964844,175.29335021972656,280.7119140625
2020-05-27,77.66777801513672,161.17999267578125,175.5250244140625,284.8887023925781
2020-05-28,77.70195770263672,161.72000122070312,175.1291961669922,284.3630676269531
2020-05-29,77.62625122070312,162.91000366210938,176.915283203125,285.6302185058594
2020-06-01,78.58090209960938,163.66000366210938,176.5098114013672,286.7846374511719
2020-06-02,78.94469451904297,162.60000610351562,178.51791381835938,289.1592102050781
2020-06-03,79.37928009033203,159.60000610351562,178.9523162841797,293.0074768066406
2020-06-04,78.69564056396484,161.27999877929688,176.5966796875,292.2378845214844
2020-06-05,80.93696594238281,158.00999450683594,180.72872924804688,299.7276916503906
2020-06-08,81.4155044555664,159.72000122070312,181.84864807128906,303.3506774902344
2020-06-09,83.9864501953125,161.25999450683594,183.2388458251953,301.0887451171875
2020-06-10,86.14723205566406,163.57000732421875,190.03549194335938,299.40869140625
2020-06-11,82.01126861572266,162.38999938964844,179.83087158203125,282.1480407714844
2020-06-12,82.71929168701172,162.6199951171875,181.2500762939453,285.5269775390625
2020-06-15,83.74229431152344,162.3300018310547,182.40858459472656,288.19256591796875
2020-06-16,85.96166229248047,162.25,186.87852478027344,293.739501953125
2020-06-17,85.84204864501953,162.55999755859375,187.52537536621094,292.5193786621094
2020-06-18,85.87621307373047,162.24000549316406,189.53347778320312,292.63201904296875
2020-06-19,85.38545989990234,164.02999877929688,188.4038848876953,290.9596862792969
2020-06-22,87.61946868896484,165.08999633789062,193.63653564453125,292.8262023925781
2020-06-23,89.48967742919922,166.47999572753906,194.9302215576172,294.17431640625
2020-06-24,87.91001892089844,165.89999389648438,191.00091552734375,286.6702575683594
2020-06-25,89.07705688476562,165.8000030517578,193.4145050048828,289.7435607910156
2020-06-26,86.34010314941406,166.5399932861328,189.54312133789062,282.8616943359375
2020-06-29,88.32996368408203,166.6300048828125,191.58018493652344,287.0191955566406
2020-06-30,89.06729888916016,167.3699951171875,196.47488403320312,290.69561767578125
2020-07-01,88.89883422851562,166.6199951171875,197.62376403808594,292.73193359375
2020-07-02,88.89883422851562,166.97999572753906,199.12982177734375,294.343994140625
2020-07-06,91.27688598632812,167.97999572753906,203.41635131835938,298.8879089355469
2020-07-07,90.99368286132812,169.0399932861328,201.05105590820312,295.8052062988281
2020-07-08,93.11292266845703,170.08999633789062,205.47274780273438,298.0677185058594
2020-07-09,93.51333618164062,169.6300048828125,206.91122436523438,296.370849609375
2020-07-10,93.67691802978516,169.19000244140625,206.28369140625,299.3970031738281
2020-07-13,93.24478149414062,169.39999389648438,199.91184997558594,296.80450439453125
2020-07-14,94.78782653808594,170.19000244140625,201.14759826660156,300.6507873535156
2020-07-15,95.4397201538086,170.33999633789062,200.8483123779297,303.4128723144531
2020-07-16,94.26532745361328,168.72999572753906,196.87074279785156,302.4136657714844
2020-07-17,94.07489776611328,170.1199951171875,195.86668395996094,303.2903747558594
2020-07-20,96.05741882324219,170.94000244140625,204.28524780273438,305.7414855957031
2020-07-21,94.73168182373047,173.0,201.53378295898438,306.3919982910156
2020-07-22,94.99779510498047,175.6300048828125,204.43008422851562,308.13592529296875
2020-07-23,90.67382049560547,177.17999267578125,195.53842163085938,304.45928955078125
2020-07-24,90.44921875,178.6999969482422,194.34130859375,302.49853515625
2020-07-27,92.59288787841797,182.22999572753906,196.80316162109375,304.7044982910156
2020-07-28,91.07179260253906,183.75,195.0364227294922,302.77191162109375
2020-07-29,92.81752014160156,185.1300048828125,197.0059051513672,306.49566650390625
2020-07-30,93.94060516357422,183.75999450683594,196.85140991210938,305.402099609375
2020-07-31,103.77513122558594,185.42999267578125,197.92306518554688,307.8154296875
2020-08-03,106.38999938964844,185.63999938964844,209.05445861816406,309.9552917480469
2020-08-04,107.1004867553711,189.58999633789062,205.9168243408203,311.152587890625
2020-08-05,107.48870849609375,191.35000610351562,205.57894897460938,313.0851745605469
2020-08-06,111.23890686035156,193.88999938964844,208.87106323242188,315.1779479980469
2020-08-07,108.70980072021484,190.80999755859375,205.1348114013672,315.4042663574219
2020-08-10,110.28987884521484,190.14999389648438,201.05105590820312,316.3470153808594
2020-08-11,107.00987243652344,179.94000244140625,196.34942626953125,313.7356262207031
2020-08-12,110.5662612915039,179.10000610351562,201.9585723876953,318.10992431640625
2020-08-13,112.52302551269531,183.3300018310547,201.48548889160156,317.5347900390625
2020-08-14,112.42274475097656,182.5399932861328,201.67857360839844,317.5442199707031
2020-08-17,112.12921905517578,186.5,203.01089477539062,318.55291748046875
2020-08-18,113.06358337402344,188.17999267578125,204.17904663085938,319.2411804199219
2020-08-19,113.20543670654297,182.24000549316406,202.94033813476562,317.9118957519531
2020-08-20,115.71742248535156,183.5,207.66302490234375,318.9017333984375
2020-08-21,121.68061828613281,182.02999877929688,206.15328979492188,320.03302001953125
2020-08-24,123.13594818115234,181.0,206.8017120361328,323.2760009765625
2020-08-25,122.12577819824219,181.22000122070312,209.49209594726562,324.4071960449219
2020-08-26,123.78655242919922,183.36000061035156,214.0211944580078,327.6595764160156
2020-08-27,122.3067855834961,181.24000549316406,219.2761993408203,328.37603759765625
2020-08-28,122.1086654663086,184.38999938964844,221.53106689453125,330.49713134765625
2020-08-31,126.24964904785156,184.8300018310547,218.26002502441406,329.29986572265625
2020-09-01,131.2785186767578,185.0500030517578,219.94393920898438,332.4013977050781
2020-09-02,128.55862426757812,182.6199951171875,224.1827392578125,337.20928955078125
2020-09-03,118.2660903930664,181.13999938964844,210.29531860351562,325.6044616699219
2020-09-04,118.34434509277344,181.63999938964844,207.34365844726562,322.9459533691406
2020-09-08,110.3803939819336,181.2899932861328,196.12725830078125,314.1221618652344
2020-09-09,114.78306579589844,183.0500030517578,204.47906494140625,320.3252868652344
2020-09-10,111.035888671875,182.4600067138672,198.74990844726562,314.7632141113281
2020-09-11,109.57811737060547,182.4499969482422,197.4530792236328,314.9234619140625
2020-09-14,112.8654556274414,183.88999938964844,198.78857421875,319.0714416503906
2020-09-15,113.04157257080078,183.4499969482422,202.0499725341797,320.6834716796875
2020-09-16,109.70530700683594,183.97000122070312,198.44024658203125,319.4107971191406
2020-09-17,107.95399475097656,182.9600067138672,196.3691864013672,316.60150146484375
2020-09-18,104.52969360351562,183.1999969482422,193.93043518066406,312.95660400390625
2020-09-21,107.69962310791016,179.52000427246094,196.01109313964844,309.47344970703125
2020-09-22,109.3922119140625,178.64999389648438,200.73374938964844,312.62530517578125
2020-09-23,104.80362701416016,174.7899932861328,194.1239776611328,305.375244140625
2020-09-24,105.87985229492188,175.44000244140625,196.64016723632812,306.189208984375
2020-09-25,109.85205078125,174.94000244140625,201.1209259033203,311.1393127441406
2020-09-28,112.47410583496094,176.6999969482422,202.68870544433594,316.30712890625
2020-09-29,111.62290954589844,178.19000244140625,200.5789337158203,314.5845642089844
2020-09-30,113.30572509765625,177.1199951171875,203.55001831054688,316.9697570800781
2020-10-01,114.26453399658203,178.6999969482422,205.611328125,319.0046691894531
2020-10-02,110.57605743408203,178.5399932861328,199.54345703125,315.9759216308594
2020-10-05,113.98078918457031,179.41000366210938,203.59841918945312,321.5791015625
2020-10-06,110.71302032470703,177.3000030517578,199.27249145507812,317.007568359375
2020-10-07,112.59150695800781,177.22000122070312,203.06613159179688,322.52557373046875
2020-10-08,112.4839096069336,177.85000610351562,203.79197692871094,325.384033203125
2020-10-09,114.44063568115234,181.0800018310547,208.85336303710938,328.2896728515625
2020-10-12,121.70996856689453,180.55999755859375,214.26316833496094,333.5710754394531
2020-10-13,118.48133087158203,177.72000122070312,215.6761016845703,331.3941955566406
2020-10-14,118.56939697265625,178.27000427246094,213.74058532714844,329.3119201660156
2020-10-15,118.09976196289062,178.9199981689453,212.5792694091797,328.9049072265625
2020-10-16,116.4463119506836,178.3000030517578,212.5792694091797,328.70611572265625
2020-10-19,113.47203826904297,178.38999938964844,207.31463623046875,323.708740234375
2020-10-20,114.96896362304688,179.25,207.73077392578125,325.00543212890625
2020-10-21,114.34280395507812,180.60000610351562,207.8759002685547,324.39019775390625
2020-10-22,113.24703216552734,178.8300018310547,207.96302795410156,326.1695861816406
2020-10-23,112.5523681640625,178.63999938964844,209.2598419189453,327.2769775390625
2020-10-26,112.5621566772461,178.5500030517578,203.3080596923828,321.2288513183594
2020-10-27,114.07862091064453,179.02000427246094,206.3759307861328,320.1214904785156
2020-10-28,108.79540252685547,176.1300048828125,196.14659118652344,309.1800842285156
2020-10-29,112.8263168334961,175.39999389648438,198.120849609375,312.32244873046875
2020-10-30,106.50601196289062,176.1999969482422,195.943359375,309.06658935546875
2020-11-02,106.41796875,177.91000366210938,195.8079071044922,312.5306396484375
2020-11-03,108.0518569946289,178.9199981689453,199.77572631835938,318.0487365722656
2020-11-04,112.46430969238281,178.82000732421875,209.41465759277344,325.1568298339844
2020-11-05,116.45610809326172,182.92999267578125,216.09225463867188,331.4983215332031
2020-11-06,116.32380676269531,183.19000244140625,216.5083770751953,331.42254638671875
2020-11-09,114.00102996826172,175.0800018310547,211.3502197265625,335.5871276855469
2020-11-10,113.65802001953125,175.66000366210938,204.20806884765625,335.0949401855469
2020-11-11,117.10782623291016,174.89999389648438,209.56948852539062,337.58428955078125
2020-11-12,116.83341979980469,175.9600067138672,208.49526977539062,334.309326171875
2020-11-13,116.88243103027344,177.16000366210938,209.53079223632812,338.9376525878906
2020-11-16,117.90169525146484,177.14999389648438,210.22760009765625,343.16851806640625
2020-11-17,117.00983428955078,176.5,207.54690551757812,341.3229064941406
2020-11-18,115.67694091796875,175.49000549316406,204.81065368652344,337.2150573730469
2020-11-19,116.2747802734375,175.16000366210938,206.11083984375,338.6348571777344
2020-11-20,115.00070190429688,175.69000244140625,204.14114379882812,336.3159484863281
2020-11-23,111.58028411865234,172.22999572753906,203.86947631835938,338.33197021484375
2020-11-24,112.87395477294922,169.58999633789062,207.5081024169922,343.7837219238281
2020-11-25,113.716796875,169.50999450683594,207.51776123046875,343.25372314453125
2020-11-27,114.2656478881836,167.7899932861328,208.83737182617188,344.20965576171875
2020-11-30,116.6766128540039,166.6699981689453,207.7118377685547,342.68585205078125
2020-12-01,120.27342987060547,170.17999267578125,209.78826904296875,346.4338684082031
2020-12-02,120.62627410888672,171.4600067138672,208.9732208251953,347.1626892089844
2020-12-03,120.48907470703125,172.80999755859375,207.87680053710938,347.0680236816406
2020-12-04,119.81280517578125,172.32000732421875,207.99322509765625,350.0589599609375
2020-12-07,121.28290557861328,174.88999938964844,207.92530822753906,349.3396301269531
2020-12-08,121.90035247802734,175.5,209.59417724609375,350.36187744140625
2020-12-09,119.35218048095703,172.5,205.50926208496094,347.2195129394531
2020-12-10,120.78306579589844,172.1699981689453,204.26727294921875,347.10589599609375
2020-12-11,119.9696273803711,172.49000549316406,206.9259033203125,346.698974609375
2020-12-14,119.35218048095703,171.5399932861328,207.83798217773438,345.14666748046875
2020-12-15,125.3305892944336,173.94000244140625,207.7700653076172,349.8127746582031
2020-12-16,125.261962890625,174.89999389648438,212.76708984375,350.36187744140625
2020-12-17,126.13421630859375,176.74000549316406,212.90292358398438,352.32098388671875
2020-12-18,124.1349105834961,176.44000244140625,212.09756469726562,350.9142761230469
2020-12-21,125.67359924316406,175.8800048828125,215.978759765625,349.6595764160156
2020-12-22,129.2508087158203,174.49000549316406,217.28868103027344,349.0702209472656
2020-12-23,128.34918212890625,175.64999389648438,214.45541381835938,349.38397216796875
2020-12-24,129.3390655517578,176.35000610351562,216.13401794433594,350.7431945800781
2020-12-28,133.9649658203125,175.7100067138672,218.2783966064453,353.7563171386719
2020-12-29,132.18121337890625,176.35000610351562,217.49241638183594,353.0814514160156
2020-12-30,131.05413818359375,177.6999969482422,215.09579467773438,353.5852355957031
2020-12-31,130.044677734375,178.36000061035156,215.81382751464844,355.3817138671875
2021-01-04,126.83006286621094,182.3300018310547,211.22433471679688,350.54364013671875
2021-01-05,128.39816284179688,182.8699951171875,211.4280548095703,352.9578857421875
2021-01-06,124.07610321044922,179.89999389648438,205.94586181640625,355.0680847167969
2021-01-07,128.30995178222656,179.47999572753906,211.80650329589844,360.3434753417969
2021-01-08,129.4174346923828,173.33999633789062,213.09698486328125,362.3965759277344
2021-01-11,126.40862274169922,173.0,211.0302276611328,359.9537658691406
2021-01-12,126.23223876953125,174.1199951171875,208.54629516601562,360.02984619140625
2021-01-13,128.2805633544922,173.3699951171875,209.91439819335938,360.9992980957031
2021-01-14,126.34003448486328,173.27999877929688,206.69300842285156,359.7351379394531
2021-01-15,124.60530853271484,171.1300048828125,206.33399963378906,357.1116943359375
2021-01-19,125.28157806396484,172.5800018310547,210.01144409179688,359.91571044921875
2021-01-20,129.3978271484375,175.38999938964844,217.67678833007812,364.8964538574219
2021-01-21,134.14134216308594,175.27999877929688,218.28807067871094,365.2291259765625
2021-01-22,136.29750061035156,173.89999389648438,219.23898315429688,363.9364318847656
2021-01-25,140.07073974609375,174.0500030517578,222.71266174316406,365.37176513671875
2021-01-26,140.30596923828125,173.6199951171875,225.42947387695312,364.8014221191406
2021-01-27,139.22787475585938,172.52000427246094,225.98252868652344,355.8855285644531
2021-01-28,134.3569793701172,172.67999267578125,231.8334197998047,358.9461975097656
2021-01-29,129.3292236328125,172.61000061035156,225.07049560546875,351.76025390625
2021-02-01,131.46575927734375,174.22999572753906,232.53204345703125,357.615478515625
2021-02-02,132.29884338378906,172.11000061035156,232.396240234375,362.6722106933594
2021-02-03,131.26974487304688,171.85000610351562,235.7825469970703,362.9574890136719
2021-02-04,134.65098571777344,168.14999389648438,234.82196044921875,367.08270263671875
2021-02-05,134.2338104248047,169.80999755859375,235.00631713867188,368.52752685546875
2021-02-08,134.38107299804688,171.52000427246094,235.26829528808594,371.18896484375
2021-02-09,133.4976806640625,172.0800018310547,236.5297088623047,370.94183349609375
2021-02-10,132.88914489746094,172.7100067138672,235.60794067382812,370.78021240234375
2021-02-11,132.63394165039062,171.2100067138672,237.22828674316406,371.3790283203125
2021-02-12,132.86949157714844,170.69000244140625,237.71343994140625,373.21356201171875
2021-02-16,130.72976684570312,168.24000549316406,236.4617462158203,372.8903503417969
2021-02-17,128.4231719970703,166.3300018310547,237.49266052246094,372.9759216308594
2021-02-18,127.31405639648438,166.32000732421875,237.09388732910156,371.3885803222656
2021-02-19,127.47110748291016,167.00999450683594,234.35137939453125,370.7326965332031
2021-02-22,123.67257690429688,169.50999450683594,228.0688018798828,367.88104248046875
2021-02-23,123.5351791381836,169.1199951171875,226.8628692626953,368.3278503417969
2021-02-24,123.03459930419922,169.0,228.10772705078125,372.3866271972656
2021-02-25,118.75511932373047,165.82000732421875,222.70045471191406,363.4136657714844
2021-02-26,119.02014923095703,161.80999755859375,225.997314453125,361.5411071777344
2021-03-01,125.42951202392578,161.52999877929688,230.4320831298828,370.3049621582031
2021-03-02,122.808837890625,162.41000366210938,227.44638061523438,367.4153747558594
2021-03-03,119.80535888671875,160.6199951171875,221.3096923828125,362.54876708984375
2021-03-04,117.91101837158203,159.0399932861328,220.5024871826172,358.0622863769531
2021-03-05,119.17716979980469,159.13999938964844,225.23875427246094,364.6493835449219
2021-03-08,114.21064758300781,157.49000549316406,221.1443634033203,362.8338623046875
2021-03-09,118.853271484375,160.83999633789062,227.35885620117188,368.0142517089844
2021-03-10,117.76377868652344,161.66000366210938,226.03622436523438,370.3049621582031
2021-03-11,119.70721435546875,161.52000427246094,230.61685180664062,374.0595397949219
2021-03-12,118.79438781738281,161.49000549316406,229.27476501464844,374.5633239746094
2021-03-15,121.69970703125,162.1999969482422,228.36058044433594,376.7970275878906
2021-03-16,123.25051879882812,162.35000610351562,231.18092346191406,376.3218078613281
2021-03-17,122.45549011230469,163.50999450683594,230.52931213378906,377.6050109863281
2021-03-18,118.30363464355469,162.55999755859375,224.38290405273438,372.1109619140625
2021-03-19,117.77359008789062,163.24000549316406,224.02308654785156,371.4224853515625
2021-03-22,121.11078643798828,163.0,229.5081787109375,374.38824462890625
2021-03-23,120.27649688720703,161.80999755859375,231.05447387695312,371.4415283203125
2021-03-24,117.87174224853516,162.3699951171875,228.9927215576172,369.5533142089844
2021-03-25,118.3625259399414,161.77999877929688,225.9584197998047,371.6322021484375
2021-03-26,118.97107696533203,162.24000549316406,229.98471069335938,377.62109375
2021-03-29,119.1477279663086,160.30999755859375,228.77874755859375,377.43035888671875
2021-03-30,117.68525695800781,157.57000732421875,225.48190307617188,376.4290466308594
2021-03-31,119.89370727539062,159.9600067138672,229.29420471191406,377.9548645019531
2021-04-01,120.7280044555664,161.97999572753906,235.6934814453125,382.0364685058594
2021-04-05,123.57443237304688,161.9199981689453,242.22889709472656,387.51983642578125
2021-04-06,123.87870025634766,163.22000122070312,241.05210876464844,387.2909240722656
2021-04-07,125.53749084472656,162.75999450683594,243.03610229492188,387.7391052246094
2021-04-08,127.9520492553711,164.50999450683594,246.29408264160156,389.5796203613281
2021-04-09,130.54327392578125,163.27000427246094,248.82269287109375,392.4119567871094
2021-04-12,128.81581115722656,162.27999877929688,248.8810272216797,392.5549621582031
2021-04-13,131.94686889648438,163.42999267578125,251.39013671875,393.7184143066406
2021-04-14,129.5911865234375,162.72000122070312,248.56979370117188,392.3738098144531
2021-04-15,132.0155792236328,165.35000610351562,252.37240600585938,396.58892822265625
2021-04-16,131.68186950683594,166.35000610351562,253.5783233642578,397.91455078125
2021-04-19,132.34927368164062,165.88999938964844,251.63330078125,395.9595031738281
2021-04-20,130.65127563476562,166.47999572753906,251.16650390625,393.0604248046875
2021-04-21,131.03404235839844,168.1300048828125,253.42274475097656,396.77960205078125
2021-04-22,129.5028533935547,167.0399932861328,250.10643005371094,393.15582275390625
2021-04-23,131.83889770507812,166.39999389648438,253.97706604003906,397.4185485839844
2021-04-26,132.2315216064453,166.83999633789062,254.36607360839844,398.2481994628906
2021-04-27,131.90760803222656,166.4199981689453,254.77455139160156,398.1624450683594
2021-04-28,131.11256408691406,166.91000366210938,247.56813049316406,398.0479431152344
2021-04-29,131.014404296875,166.22000122070312,245.57440185546875,400.58465576171875
2021-04-30,129.03173828125,165.66000366210938,245.25344848632812,397.9526672363281
2021-05-03,130.09178161621094,167.80999755859375,244.94229125976562,398.8109130859375
2021-05-04,125.48841094970703,166.5800018310547,240.98403930664062,396.3504943847656
2021-05-05,125.73379516601562,167.27000427246094,239.70030212402344,396.4745178222656
2021-05-06,127.343505859375,170.05999755859375,242.87075805664062,399.6405944824219
2021-05-07,128.0219268798828,171.58999633789062,245.52581787109375,402.5491638183594
2021-05-10,124.71835327148438,172.11000061035156,240.3908233642578,398.5629577636719
2021-05-11,123.79418182373047,172.13999938964844,239.46688842773438,395.0058288574219
2021-05-12,120.70692443847656,170.42999267578125,232.43548583984375,386.6138610839844
2021-05-13,122.86995697021484,171.1300048828125,236.3548126220703,391.25811767578125
2021-05-14,125.30828857421875,172.69000244140625,241.33416748046875,397.2659606933594
2021-05-17,124.14810943603516,174.6999969482422,238.44570922851562,396.2551574707031
2021-05-18,122.75196838378906,175.0399932861328,236.4033966064453,392.8411560058594
2021-05-19,122.59465789794922,175.16000366210938,236.9883270263672,391.81121826171875
2021-05-20,125.1706314086914,175.9600067138672,240.26353454589844,396.02630615234375
2021-05-21,123.32223510742188,176.0399932861328,238.98658752441406,395.7020568847656
2021-05-24,124.96417236328125,176.35000610351562,244.45510864257812,399.73590087890625
2021-05-25,124.76753997802734,177.9499969482422,245.3713836669922,398.8490295410156
2021-05-26,124.71835327148438,177.63999938964844,245.147216796875,399.6405944824219
2021-05-27,123.17475128173828,177.7100067138672,243.02215576171875,399.85040283203125
2021-05-28,122.51600646972656,178.3800048828125,243.38284301757812,400.5655212402344
2021-06-01,122.19155883789062,177.89999389648438,241.1603546142578,400.2127380371094
2021-06-02,122.95843505859375,178.77000427246094,241.0628662109375,400.84210205078125
2021-06-03,121.46398162841797,175.27000427246094,239.51296997070312,399.3544616699219
2021-06-04,123.77449798583984,177.16000366210938,244.46484375,403.0068664550781
2021-06-07,123.78433227539062,177.8699951171875,247.40869140625,402.6159362792969
2021-06-08,124.61021423339844,177.32000732421875,246.199951171875,402.7016906738281
2021-06-09,124.99366760253906,176.97999572753906,247.1942138671875,402.1009521484375
2021-06-10,123.99080657958984,177.74000549316406,250.75218200683594,403.97003173828125
2021-06-11,125.2099609375,175.74000549316406,251.3858184814453,404.6376037597656
2021-06-14,128.287353515625,174.7100067138672,253.33531188964844,405.5435485839844
2021-06-15,127.46150207519531,174.0500030517578,251.84393310546875,404.7997131347656
2021-06-16,127.9629135131836,171.11000061035156,250.88865661621094,402.5395812988281
2021-06-17,129.57534790039062,165.85000610351562,254.3198699951172,402.40606689453125
2021-06-18,128.2677001953125,164.92999267578125,252.886962890625,396.97747802734375
2021-06-21,130.07676696777344,166.9499969482422,256.0062561035156,402.6606140136719
2021-06-22,131.7285614013672,166.25,258.8136291503906,404.81329345703125
2021-06-23,131.45326232910156,166.13999938964844,258.5796203613281,404.3253479003906
2021-06-24,131.16815185546875,166.0399932861328,259.96380615234375,406.71728515625
2021-06-25,130.87318420410156,166.58999633789062,258.3359680175781,408.1619567871094
2021-06-28,132.51512145996094,166.5800018310547,261.9425964355469,408.9847412109375
2021-06-29,134.03907775878906,164.8300018310547,264.5550842285156,409.2048645019531
2021-06-30,134.6584930419922,165.6300048828125,264.0676574707031,409.5492248535156
2021-07-01,134.96327209472656,166.1999969482422,264.7500305175781,411.8167419433594
2021-07-02,137.6080780029297,167.2899932861328,270.6474914550781,414.96453857421875
2021-07-06,139.63345336914062,168.1199951171875,270.6571350097656,414.20867919921875
2021-07-07,142.14059448242188,168.75999450683594,272.869873046875,415.6724853515625
2021-07-08,140.8329620361328,168.64999389648438,270.4231872558594,412.2856140136719
2021-07-09,142.67153930664062,169.2100067138672,270.93011474609375,416.68670654296875
2021-07-12,142.07177734375,169.0,270.3257141113281,418.1792297363281
2021-07-13,143.19261169433594,169.22000122070312,273.8934631347656,416.7536315917969
2021-07-14,146.6436004638672,171.0399932861328,275.3848876953125,417.37554931640625
2021-07-15,145.9849090576172,171.07000732421875,273.9421691894531,415.9499206542969
2021-07-16,143.92999267578125,169.41000366210938,273.669189453125,412.6873779296875
2021-07-19,140.05621337890625,169.61000061035156,270.0235595703125,406.5928955078125
2021-07-20,143.6940460205078,169.38999938964844,272.2752685546875,412.4195251464844
2021-07-21,142.95664978027344,168.75999450683594,274.3028259277344,415.75860595703125
2021-07-22,144.33311462402344,169.08999633789062,278.92327880859375,416.6291809082031
2021-07-23,146.06356811523438,168.55999755859375,282.3642883300781,420.91552734375
2021-07-26,146.48635864257812,168.16000366210938,281.7599182128906,421.9488525390625
2021-07-27,144.30361938476562,168.44000244140625,279.313232421875,420.0257873535156
2021-07-28,142.543701171875,169.2899932861328,279.00128173828125,419.853515625
2021-07-29,143.19261169433594,171.1699981689453,279.2742004394531,421.5948486328125
2021-07-30,143.408935546875,169.82000732421875,277.7243347167969,419.5473937988281
2021-08-02,143.07464599609375,169.61000061035156,277.6365966796875,418.6670837402344
2021-08-03,144.8837127685547,169.49000549316406,279.8785705566406,422.0732116699219
2021-08-04,144.4805908203125,169.52999877929688,279.28399658203125,419.9970397949219
2021-08-05,144.58871459960938,168.86000061035156,282.218017578125,422.6567687988281
2021-08-06,143.89947509765625,164.63999938964844,282.1595458984375,423.3552551269531
2021-08-09,143.85025024414062,161.72000122070312,281.05804443359375,423.01080322265625
2021-08-10,143.36778259277344,161.77000427246094,279.2157287597656,423.5369873046875
2021-08-11,143.62379455566406,164.0,279.712890625,424.5894470214844
2021-08-12,146.60733032226562,164.0399932861328,282.500732421875,425.8619079589844
2021-08-13,146.8141326904297,166.38999938964844,285.4640808105469,426.63690185546875
2021-08-16,148.8031005859375,167.22000122070312,287.1699523925781,427.6414794921875
2021-08-17,147.8874053955078,166.97000122070312,285.688232421875,424.83819580078125
2021-08-18,144.11611938476562,167.10000610351562,283.9400634765625,420.1883850097656
2021-08-19,144.45091247558594,166.61000061035156,289.8389892578125,420.8389892578125
2021-08-20,145.91807556152344,166.6999969482422,297.2516784667969,424.1876525878906
2021-08-23,147.41476440429688,168.72999572753906,297.5349426269531,427.91900634765625
2021-08-24,147.32615661621094,168.64999389648438,295.5523376464844,428.5982971191406
2021-08-25,146.08544921875,167.47999572753906,294.9566650390625,429.49761962890625
2021-08-26,145.2779998779297,167.6699981689453,292.1047668457031,426.9622497558594
2021-08-27,146.32177734375,170.19000244140625,292.7201232910156,430.7796630859375
2021-08-30,150.77247619628906,169.35000610351562,296.4997863769531,432.674072265625
2021-08-31,149.5022430419922,169.69000244140625,294.8296203613281,432.0329895019531
2021-09-01,150.17181396484375,169.6999969482422,294.7807922363281,432.26263427734375
2021-09-02,151.29432678222656,169.25,294.1166687011719,433.592529296875
2021-09-03,151.9344024658203,171.05999755859375,294.10693359375,433.4872741699219
2021-09-07,154.28775024414062,167.7100067138672,293.1693115234375,431.9373474121094
2021-09-08,152.73194885253906,167.2899932861328,293.1986999511719,431.4111328125
2021-09-09,151.70790100097656,168.02999877929688,290.30780029296875,429.5646057128906
2021-09-10,146.68612670898438,167.17999267578125,288.8037109375,426.17767333984375
2021-09-13,147.2572021484375,167.74000549316406,290.0538635253906,427.26837158203125
2021-09-14,145.84910583496094,168.82000732421875,292.78851318359375,424.96258544921875
2021-09-15,146.74517822265625,167.8300018310547,297.7010192871094,428.5121765136719
2021-09-16,146.50888061523438,164.02999877929688,298.0915832519531,427.8329162597656
2021-09-17,143.82070922851562,163.77000427246094,292.8665771484375,423.665283203125
2021-09-20,140.74855041503906,164.94000244140625,287.4266662597656,416.60101318359375
2021-09-21,141.2310333251953,166.0399932861328,287.91497802734375,416.20751953125
2021-09-22,143.6139373779297,165.4199981689453,291.6067199707031,420.26751708984375
2021-09-23,144.57888793945312,163.50999450683594,292.5638122558594,425.3738098144531
2021-09-24,144.66754150390625,163.3000030517578,292.3587341308594,426.074462890625
2021-09-27,143.14125061035156,163.63999938964844,287.29974365234375,424.8554992675781
2021-09-28,139.734375,162.0500030517578,276.8984680175781,416.2939453125
2021-09-29,140.64024353027344,161.32000732421875,277.36724853515625,416.99456787109375
2021-09-30,139.33062744140625,164.22000122070312,275.3357849121094,411.8979187011719
2021-10-01,140.46299743652344,164.58999633789062,282.34814453125,416.79302978515625
2021-10-04,137.0067901611328,165.36000061035156,276.498046875,411.4179992675781
2021-10-05,138.94659423828125,164.58999633789062,282.0160827636719,415.69879150390625
2021-10-06,139.82296752929688,165.02999877929688,286.2644958496094,417.42645263671875
2021-10-07,141.0931854248047,164.16000366210938,287.9638977050781,421.03546142578125
2021-10-08,140.7091522216797,164.22999572753906,287.9638977050781,420.26751708984375
2021-10-11,140.62051391601562,163.9199981689453,287.3583984375,417.2248840332031
2021-10-12,139.34046936035156,164.66000366210938,286.0398864746094,416.19793701171875
2021-10-13,138.74966430664062,167.58999633789062,289.3897399902344,417.69525146484375
2021-10-14,141.55596923828125,168.0,295.6793518066406,424.72113037109375
2021-10-15,142.61940002441406,165.3300018310547,297.1052551269531,427.9557189941406
2021-10-18,144.30319213867188,164.9199981689453,300.11334228515625,429.22271728515625
2021-10-19,146.4793243408203,165.4499969482422,301.0314025878906,432.5341491699219
2021-10-20,146.9716339111328,166.89999389648438,300.2304992675781,434.23297119140625
2021-10-21,147.18826293945312,166.75,303.5023193359375,435.36553955078125
2021-10-22,146.41038513183594,167.77000427246094,301.93963623046875,434.91436767578125
2021-10-25,146.3611297607422,168.92999267578125,300.9336853027344,437.2467956542969
2021-10-26,147.03076171875,167.67999267578125,302.8674011230469,437.64031982421875
2021-10-27,146.5679473876953,168.1199951171875,315.6224365234375,435.70147705078125
2021-10-28,150.23092651367188,168.0800018310547,316.7748718261719,439.905517578125
2021-10-29,147.50335693359375,166.64999389648438,323.8750915527344,440.7981262207031
2021-11-01,146.67628479003906,167.52000427246094,321.6775817871094,441.556396484375
2021-11-02,147.7200164794922,167.16000366210938,325.3498229980469,443.3416748046875
2021-11-03,149.16748046875,165.77000427246094,326.1994934082031,446.0483703613281
2021-11-04,148.64559936523438,167.64999389648438,328.58251953125,448.150390625
2021-11-05,149.1781005859375,169.83999633789062,328.21142578125,449.7053527832031
2021-11-08,148.34976196289062,170.4499969482422,329.1196594238281,450.0892333984375
2021-11-09,148.714599609375,171.2899932861328,328.1039733886719,448.6015319824219
2021-11-10,145.86477661132812,173.14999389648438,323.0741882324219,444.9925842285156
2021-11-11,145.8154754638672,174.1199951171875,324.6661376953125,445.1365661621094
2021-11-12,147.906005859375,174.4499969482422,328.85601806640625,448.4958801269531
2021-11-15,147.91586303710938,174.17999267578125,328.22119140625,448.64947509765625
2021-11-16,148.9019775390625,172.9199981689453,331.5808410644531,450.4251403808594
2021-11-17,151.35736083984375,174.5,331.8058166503906,449.33099365234375
2021-11-18,155.67654418945312,173.94000244140625,333.9094543457031,450.85711669921875
2021-11-19,158.31927490234375,172.61000061035156,335.70977783203125,450.0508728027344
2021-11-22,158.7827606201172,168.74000549316406,332.50054931640625,448.78387451171875
2021-11-23,159.16734313964844,167.27999877929688,330.39691162109375,449.37896728515625
2021-11-24,159.68997192382812,167.1199951171875,330.6219482421875,450.5787658691406
2021-11-26,154.6312713623047,166.85000610351562,322.5694580078125,440.5293273925781
2021-11-29,158.0135955810547,166.6199951171875,329.3695373535156,445.9331970214844
2021-11-30,163.00326538085938,165.5,323.4598083496094,437.2563781738281
2021-12-01,162.48065185546875,166.16000366210938,322.9607849121094,432.3996887207031
2021-12-02,161.48468017578125,165.24000549316406,322.383544921875,439.02239990234375
2021-12-03,159.59133911132812,166.6300048828125,316.0433349609375,435.202392578125
2021-12-06,163.02301025390625,166.22000122070312,319.15472412109375,440.356689453125
2021-12-07,168.8015899658203,166.80999755859375,327.6964416503906,449.4653625488281
2021-12-08,172.64739990234375,166.89999389648438,327.745361328125,450.655517578125
2021-12-09,172.13461303710938,165.8800048828125,325.9156494140625,447.6129150390625
2021-12-10,176.95669555664062,166.5800018310547,335.152099609375,451.8265075683594
2021-12-13,173.29824829101562,167.0,332.079833984375,447.8240966796875
2021-12-14,171.90782165527344,165.44000244140625,321.2583312988281,444.74298095703125
2021-12-15,176.8087921142578,166.14999389648438,327.4322509765625,451.692138671875
2021-12-16,169.86660766601562,168.16000366210938,317.89251708984375,447.7088623046875
2021-12-17,168.7621612548828,167.8000030517578,316.8162536621094,442.9439697265625
2021-12-20,167.39144897460938,167.08999633789062,313.0101623535156,438.23394775390625
2021-12-21,170.58644104003906,167.02000427246094,320.2310485839844,446.0166015625
2021-12-22,173.19961547851562,168.58999633789062,326.0135498046875,450.4761047363281
2021-12-23,173.8307342529297,168.97000122070312,327.4714050292969,453.279052734375
2021-12-27,177.824462890625,169.3699951171875,335.0640563964844,459.69390869140625
2021-12-28,176.79888916015625,168.63999938964844,333.88995361328125,459.3182678222656
2021-12-29,176.88766479492188,168.58999633789062,334.57489013671875,459.90576171875
2021-12-30,175.7240447998047,169.8000030517578,332.00152587890625,458.6344299316406
2021-12-31,175.1028289794922,170.9600067138672,329.0662841796875,457.478515625
2022-01-03,179.48110961914062,168.3300018310547,327.5301208496094,460.1272888183594
2022-01-04,177.20321655273438,169.57000732421875,321.9139099121094,459.97320556640625
2022-01-05,172.4896240234375,169.05999755859375,309.55633544921875,451.1407470703125
2022-01-06,169.6101837158203,166.99000549316406,307.1102600097656,450.7169189453125
2022-01-07,169.77784729003906,167.75,307.26678466796875,448.9350280761719
2022-01-10,169.7975616455078,168.25999450683594,307.4918212890625,448.3764343261719
2022-01-11,172.64739990234375,170.2899932861328,308.1865539550781,452.4602966308594
2022-01-12,173.09115600585938,170.74000549316406,311.40557861328125,453.68353271484375
2022-01-13,169.7975616455078,170.16000366210938,298.22607421875,447.4324951171875
2022-01-14,170.6653594970703,169.6699981689453,303.50958251953125,447.61541748046875
2022-01-18,167.44078063964844,169.38999938964844,296.1224060058594,439.68829345703125
2022-01-19,163.9203643798828,172.0800018310547,296.78778076171875,435.12286376953125
2022-01-20,162.22427368164062,171.64999389648438,295.0951232910156,430.306884765625
2022-01-21,160.15345764160156,171.08999633789062,289.6452331542969,421.8596496582031
2022-01-24,159.3744354248047,172.02999877929688,289.97784423828125,423.6512145996094
2022-01-25,157.55999755859375,172.5800018310547,282.267822265625,418.4788818359375
2022-01-26,157.47125244140625,169.7899932861328,290.3105163574219,417.428955078125
2022-01-27,157.0077667236328,167.60000610351562,293.3730163574219,415.3677062988281
2022-01-28,167.9634246826172,167.10000610351562,301.6114807128906,425.68353271484375
2022-01-31,172.3515625,168.08999633789062,304.2728271484375,433.3505554199219
2022-02-01,172.18392944335938,168.22999572753906,302.1007080078125,436.2786560058594
2022-02-02,173.39683532714844,168.83999633789062,306.69927978515625,440.5166931152344
2022-02-03,170.4976806640625,168.60000610351562,294.7526550292969,430.1623840332031
2022-02-04,170.2113494873047,168.86000061035156,299.3415222167969,432.18505859375
2022-02-07,169.49057006835938,170.11000061035156,294.4590759277344,430.798095703125
2022-02-08,172.6205291748047,170.6300048828125,297.9911804199219,434.3426513671875
2022-02-09,174.05221557617188,171.2100067138672,304.4978332519531,440.69970703125
2022-02-10,169.9447784423828,170.55999755859375,295.85833740234375,432.7823181152344
2022-02-11,166.50875854492188,173.80999755859375,288.67657470703125,424.24835205078125
2022-02-14,166.7457275390625,174.74000549316406,288.637451171875,422.8613586425781
2022-02-15,170.6063232421875,173.0800018310547,293.9895324707031,429.6807556152344
2022-02-16,170.36936950683594,174.86000061035156,293.64630126953125,430.1623840332031
2022-02-17,166.7457275390625,177.25,285.0477294921875,420.9735412597656
2022-02-18,165.18568420410156,177.1199951171875,282.3024597167969,418.2477111816406
2022-02-22,162.24337768554688,177.49000549316406,282.0965270996094,413.7591552734375
2022-02-23,158.04708862304688,178.2899932861328,274.7921447753906,406.419677734375
2022-02-24,160.68333435058594,177.13999938964844,288.832275390625,412.535888671875
2022-02-25,162.76666259765625,176.5500030517578,291.49908447265625,421.63812255859375
2022-02-28,163.03321838378906,178.3800048828125,292.9501647949219,420.5593566894531
2022-03-01,161.13751220703125,181.6199951171875,289.18524169921875,414.15411376953125
2022-03-02,164.4550323486328,179.72999572753906,294.3227844238281,421.7729797363281
2022-03-03,164.1292266845703,180.8000030517578,290.1363220214844,419.6731872558594
2022-03-04,161.10789489746094,183.67999267578125,284.1947021484375,416.2634582519531
2022-03-07,157.28677368164062,186.41000366210938,273.4587707519531,403.9923400878906
2022-03-08,155.4503173828125,191.50999450683594,270.4585266113281,400.929443359375
2022-03-09,160.89065551757812,185.82000732421875,282.861328125,411.6787414550781
2022-03-10,156.5166473388672,186.39999389648438,280.00811767578125,409.81976318359375
2022-03-11,152.77456665039062,185.08999633789062,274.5960998535156,404.6088562011719
2022-03-14,148.71649169921875,182.3000030517578,271.03704833984375,401.6518249511719
2022-03-15,153.12998962402344,178.88999938964844,281.5376892089844,410.4843444824219
2022-03-16,157.57310485839844,180.00999450683594,288.63616943359375,419.58648681640625
2022-03-17,158.59010314941406,180.88999938964844,289.4499816894531,424.8359375
2022-03-18,161.9076385498047,179.3000030517578,294.55810546875,429.4890441894531
2022-03-21,163.28997802734375,180.6699981689453,293.3129577636719,429.36346435546875
2022-03-22,166.68649291992188,179.36000061035156,298.1171569824219,434.38763427734375
2022-03-23,168.05889892578125,181.80999755859375,293.636474609375,428.79339599609375
2022-03-24,171.8701629638672,183.1300048828125,298.15643310546875,435.25714111328125
2022-03-25,172.5119171142578,182.3800048828125,297.7445983886719,437.3828125
2022-03-28,,179.05999755859375,304.62744140625,440.493896484375
2022-03-29,,179.13999938964844,309.2453308105469,445.9432067871094
2022-03-30,,180.5800018310547,307.72564697265625,443.1895446777344
2022-03-31,,180.64999389648438,302.28411865234375,436.3683166503906
2022-04-01,,179.5,303.3724060058594,437.6050109863281
2022-04-04,,180.3699951171875,308.8139343261719,441.3537902832031
2022-04-05,,179.24000549316406,304.80389404296875,435.7789611816406
2022-04-06,,179.66000366210938,293.64630126953125,431.4214172363281
2022-04-07,,180.33999633789062,295.4797668457031,433.5953674316406
2022-04-08,,181.47000122070312,291.165771484375,432.4359436035156
2022-04-11,,182.3699951171875,279.68463134765625,425.0446472167969
2022-04-12,,183.77000427246094,276.5471496582031,423.4697265625
2022-04-13,,184.64999389648438,281.99847412109375,428.3199768066406
2022-04-14,,184.0399932861328,274.3607482910156,422.98663330078125
2022-04-18,,184.61000061035156,275.0372314453125,423.1605529785156
2022-04-19,,181.82000732421875,279.72381591796875,429.9914855957031
2022-04-20,,182.7100067138672,280.7631530761719,429.67266845703125
2022-04-21,,182.05999755859375,275.3215637207031,423.2474670410156
2022-04-22,,180.2899932861328,268.6741027832031,411.63397216796875
2022-04-25,,177.0500030517578,275.23333740234375,414.0204162597656
2022-04-26,,177.32000732421875,264.9385681152344,402.03009033203125
2022-04-27,154.59130859375,175.97999572753906,277.68450927734375,403.1604919433594
2022-04-28,161.5719451904297,176.92999267578125,283.96917724609375,413.34405517578125
2022-04-29,155.65765380859375,176.91000366210938,272.09588623046875,398.0686950683594
2022-05-02,155.96376037597656,173.6300048828125,278.9100341796875,400.46484375
2022-05-03,157.4645233154297,174.08999633789062,276.27264404296875,402.3005676269531
2022-05-04,163.921875,175.8000030517578,284.3123474121094,414.5518493652344
2022-05-05,154.7887420654297,175.1300048828125,271.9292297363281,399.8175354003906
2022-05-06,155.52047729492188,175.4199981689453,269.3604431152344,397.4310302734375
2022-05-09,150.35888671875,172.8800048828125,259.4088439941406,384.7063903808594
2022-05-10,152.78147888183594,171.4199981689453,264.2326965332031,385.5951843261719
2022-05-11,144.861083984375,172.82000732421875,255.45755004882812,379.4696044921875
2022-05-12,140.96517944335938,170.1699981689453,250.3592071533203,379.0735168457031
2022-05-13,145.46426391601562,168.7899932861328,256.01641845703125,388.1363220214844
2022-05-16,143.91183471679688,170.39999389648438,256.3890075683594,386.5614318847656
2022-05-17,147.57044982910156,169.3300018310547,261.60504150390625,394.51312255859375
2022-05-18,139.24462890625,169.4199981689453,249.69422912597656,378.6097106933594
2022-05-19,135.8134765625,171.91000366210938,248.7704620361328,376.29083251953125
2022-05-20,136.05076599121094,172.02999877929688,248.2004852294922,376.45513916015625
2022-05-23,141.50900268554688,172.8300018310547,256.15081787109375,383.4985656738281
2022-05-24,138.78977966308594,174.1300048828125,255.13861083984375,380.5711364746094
2022-05-25,138.94798278808594,173.0800018310547,257.9885559082031,383.93341064453125
2022-05-26,142.17152404785156,172.75999450683594,261.3101806640625,391.6048889160156
2022-05-27,147.96595764160156,172.85000610351562,268.52349853515625,401.218505859375
2022-05-31,147.1748809814453,171.13999938964844,267.1771545410156,398.9672546386719
2022-06-01,147.04637145996094,172.22999572753906,267.7176818847656,395.7401428222656
2022-06-02,149.51840209960938,174.35000610351562,269.8403625488281,403.2763977050781
2022-06-03,143.7536163330078,172.5800018310547,265.359130859375,396.6581115722656
2022-06-06,144.505126953125,171.82000732421875,264.11102294921875,397.86578369140625
2022-06-07,147.04637145996094,172.94000244140625,267.79632568359375,401.68218994140625
2022-06-08,146.3047637939453,172.77999877929688,265.74237060546875,397.3150634765625
2022-06-09,141.04429626464844,172.22999572753906,,387.86572265625
2022-06-10,135.59591674804688,174.5399932861328,,376.6193542480469
2022-06-13,130.40463256835938,169.92999267578125,,362.3197937011719
2022-06-14,131.27479553222656,168.57000732421875,,361.22802734375
2022-06-15,133.9149169921875,170.77000427246094,,366.3778076171875
2022-06-16,128.60501098632812,172.69000244140625,,354.25213623046875
2022-06-17,130.0882110595703,171.27000427246094,,355.01580810546875
2022-06-21,134.3499755859375,170.6300048828125,,363.95281982421875
2022-06-22,133.83583068847656,171.30999755859375,,363.29302978515625
2022-06-23,136.72314453125,170.25999450683594,,366.8542175292969
2022-06-24,140.07522583007812,170.08999633789062,,378.51788330078125
2022-06-27,140.07522583007812,169.89999389648438,,377.07208251953125
2022-06-28,135.90243530273438,169.6199951171875,,369.367431640625
2022-06-29,137.67242431640625,169.49000549316406,,369.0666198730469
2022-06-30,135.1905059814453,168.4600067138672,,366.0682373046875
2022-07-01,137.37574768066406,168.32000732421875,,369.9399719238281
2022-07-05,139.97634887695312,164.75,,370.6386413574219
2022-07-06,141.32110595703125,162.13999938964844,,371.8904113769531
2022-07-07,144.7127685546875,162.22999572753906,,377.46026611328125
2022-07-08,145.39505004882812,162.3000030517578,,377.1497497558594
2022-07-11,143.24932861328125,161.42999267578125,,372.84136962890625
2022-07-12,144.22825622558594,160.8300018310547,,369.5420837402344
2022-07-13,143.86239624023438,161.60000610351562,,367.6014404296875
2022-07-14,146.80906677246094,159.3300018310547,,366.7086181640625
2022-07-15,148.4900360107422,159.00999450683594,,373.71466064453125
2022-07-18,145.4247283935547,159.16000366210938,,370.62890625
2022-07-19,149.3107452392578,159.5399932861328,255.05018615722656,380.6429748535156
2022-07-20,151.3279266357422,158.0399932861328,257.7428283691406,383.0689392089844
2022-07-21,153.6121063232422,160.27000427246094,260.26849365234375,386.96978759765625
2022-07-22,152.36618041992188,160.6699981689453,255.86581420898438,383.3794250488281
2022-07-25,151.2389373779297,160.22999572753906,254.3622283935547,383.84521484375
2022-07-26,149.90403747558594,160.0399932861328,247.55186462402344,379.3039855957031
2022-07-27,155.03598022460938,161.6699981689453,264.1011657714844,389.1531066894531
2022-07-28,155.5897216796875,163.63999938964844,271.6387634277344,394.0339660644531
2022-07-29,160.6919708251953,164.10000610351562,275.89404296875,399.77850341796875
2022-08-01,159.7031707763672,165.02999877929688,273.211181640625,398.5946350097656
2022-08-02,158.21995544433594,164.0500030517578,270.0762634277344,395.9649963378906
2022-08-03,164.27146911621094,164.4499969482422,277.5942077636719,402.16558837890625
2022-08-04,163.95506286621094,167.1699981689453,278.7538146972656,401.8939208984375
2022-08-05,163.72732543945312,165.2899932861328,278.026611328125,401.2146301269531
2022-08-08,163.2520294189453,166.69000244140625,275.4813232421875,400.7489013671875
2022-08-09,163.3015594482422,167.1999969482422,277.4270935058594,399.15753173828125
2022-08-10,167.57916259765625,166.77999877929688,284.1687316894531,407.5413818359375
2022-08-11,166.83651733398438,166.33999633789062,282.065673828125,407.5413818359375
2022-08-12,170.41107177734375,167.8699951171875,286.87127685546875,414.4406433105469
2022-08-15,171.49037170410156,165.7100067138672,288.4043273925781,416.1484680175781
2022-08-16,171.33193969726562,165.4199981689453,287.6574401855469,416.9635925292969
2022-08-17,172.8370361328125,164.35000610351562,286.89910888671875,414.00396728515625
2022-08-18,172.44094848632812,163.9199981689453,285.7666320800781,415.2072448730469
2022-08-19,169.83676147460938,162.72000122070312,281.80755615234375,409.627685546875
2022-08-22,165.925537109375,161.63999938964844,273.5350341796875,401.09820556640625
2022-08-23,165.5888671875,162.77000427246094,272.2449035644531,400.1278381347656
2022-08-24,165.8859405517578,163.25,271.60479736328125,401.40875244140625
2022-08-25,168.36138916015625,163.75,274.61834716796875,407.0756530761719
2022-08-26,162.01429748535156,161.75999450683594,264.02166748046875,393.2965087890625
2022-08-29,159.79627990722656,161.86000061035156,261.205078125,390.69598388671875
2022-08-30,157.3505401611328,160.50999450683594,258.9793395996094,386.406982421875
2022-08-31,155.67709350585938,159.27000427246094,257.5021057128906,383.466796875
2022-09-01,156.40985107421875,157.8699951171875,256.4483337402344,384.6700744628906
2022-09-02,154.2809295654297,159.25999450683594,252.1741943359375,380.6139221191406
2022-09-06,153.01348876953125,158.3300018310547,249.40682983398438,379.1777648925781
2022-09-07,154.42947387695312,159.94000244140625,254.17337036132812,385.9897155761719
2022-09-08,152.94418334960938,158.97999572753906,254.5968780517578,388.5126953125
2022-09-09,155.8256378173828,159.82000732421875,260.4466857910156,394.54827880859375
2022-09-12,161.82614135742188,160.6300048828125,262.603515625,398.7887878417969
2022-09-13,152.33029174804688,158.5399932861328,248.16595458984375,381.4484558105469
2022-09-14,153.78582763671875,157.92999267578125,248.3924560546875,382.90399169921875
2022-09-15,150.8747100830078,154.97999572753906,241.65628051757812,378.5567321777344
2022-09-16,149.2210693359375,155.83999633789062,241.0260009765625,375.6687927246094
2022-09-19,152.96397399902344,155.9600067138672,240.809326171875,378.5820617675781
2022-09-20,155.36024475097656,155.07000732421875,238.77073669433594,374.23651123046875
2022-09-21,152.21145629882812,155.7899932861328,235.3238525390625,367.7084045410156
2022-09-22,151.24107360839844,155.6999969482422,237.3230438232422,364.61968994140625
2022-09-23,148.95372009277344,153.00999450683594,234.3094940185547,358.5105895996094
2022-09-26,149.29039001464844,151.22999572753906,233.8466033935547,354.9639587402344
2022-09-27,150.27066040039062,151.5399932861328,232.82240295410156,354.0578308105469
2022-09-28,148.3695526123047,154.69000244140625,237.4116973876953,361.02435302734375
2022-09-29,141.0817413330078,154.66000366210938,233.89584350585938,353.4829406738281
2022-09-30,136.84375,154.6699981689453,229.36566162109375,348.0168151855469
2022-10-03,141.0520477294922,158.42999267578125,237.086669921875,357.2049255371094
2022-10-04,144.66622924804688,160.6999969482422,245.10316467285156,368.27349853515625
2022-10-05,144.96327209472656,159.80999755859375,245.4182891845703,367.41607666015625
2022-10-06,144.00279235839844,159.6300048828125,243.04489135742188,363.6258850097656
2022-10-07,138.7152099609375,157.8800048828125,230.6853485107422,353.4829406738281
2022-10-10,139.04196166992188,155.47999572753906,225.77105712890625,350.7840270996094
2022-10-11,137.61610412597656,155.16000366210938,221.9893341064453,348.5625
2022-10-12,136.9823760986328,155.99000549316406,222.32415771484375,347.4127502441406
2022-10-13,141.5867462158203,154.91000366210938,230.6853485107422,356.5813293457031
2022-10-14,137.02200317382812,152.97999572753906,225.09152221679688,348.45526123046875
2022-10-17,141.012451171875,153.4199981689453,233.92538452148438,357.4095153808594
2022-10-18,142.3392791748047,153.75,234.88067626953125,361.6089782714844
2022-10-19,142.4481964111328,151.69000244140625,232.89132690429688,359.04644775390625
2022-10-20,141.9828338623047,151.4499969482422,232.56634521484375,356.0357666015625
2022-10-21,145.8247528076172,154.14999389648438,238.4457550048828,364.68792724609375
2022-10-24,147.98333740234375,153.64999389648438,243.49789428710938,369.1504211425781
2022-10-25,150.84498596191406,154.0,246.85614013671875,375.04522705078125
2022-10-26,147.8843231201172,154.97999572753906,227.8096466064453,372.21954345703125
2022-10-27,143.3789825439453,154.74000549316406,223.30899047851562,370.23193359375
2022-10-28,154.2116241455078,153.16000366210938,232.29058837890625,379.0400390625
2022-10-31,151.83517456054688,151.91000366210938,228.6073455810547,376.3020935058594
2022-11-01,149.17156982421875,153.4600067138672,224.7074432373047,374.65545654296875
2022-11-02,143.6067352294922,152.38999938964844,216.75991821289062,365.25299072265625
2022-11-03,137.51710510253906,151.80999755859375,210.99867248535156,361.4920654296875
2022-11-04,137.24929809570312,156.47000122070312,218.03033447265625,366.695068359375
2022-11-07,137.78485107421875,155.85000610351562,224.4119873046875,370.2027282714844
2022-11-08,138.36013793945312,159.4499969482422,225.39682006835938,372.20013427734375
2022-11-09,133.76797485351562,158.64999389648438,221.1029815673828,364.53204345703125
2022-11-10,145.66990661621094,163.47999572753906,239.2926788330078,384.5645446777344
2022-11-11,148.47679138183594,164.55999755859375,243.3600311279297,388.28662109375
2022-11-14,147.0684051513672,164.9199981689453,237.88438415527344,384.9835510253906
2022-11-15,148.8140106201172,165.5,238.29803466796875,388.2670593261719
2022-11-16,147.57421875,165.1199951171875,238.73257446289062,385.30511474609375
2022-11-17,149.4884796142578,163.9199981689453,238.68319702148438,384.1260986328125
2022-11-18,150.05380249023438,162.7899932861328,238.2288818359375,385.87017822265625
2022-11-21,146.80059814453125,161.8800048828125,239.04859924316406,384.46710205078125
2022-11-22,148.95286560058594,162.07000732421875,241.99163818359375,389.6408996582031
2022-11-23,149.83563232421875,163.0800018310547,244.51004028320312,392.0962829589844
2022-11-25,146.89979553222656,163.22000122070312,244.421142578125,392.0085754394531
2022-11-28,143.0415802001953,161.92999267578125,238.76219177246094,385.7532653808594
2022-11-29,140.01649475097656,162.72999572753906,237.34991455078125,385.09075927734375
2022-11-30,146.82044982910156,164.80999755859375,251.9762725830078,397.2213134765625
2022-12-01,147.09814453125,167.83999633789062,251.5318603515625,396.92901611328125
2022-12-02,146.60223388671875,167.25999450683594,251.85775756835938,396.47113037109375
2022-12-05,145.43190002441406,164.38999938964844,247.09751892089844,389.3388671875
2022-12-06,141.74227905273438,164.83999633789062,242.08050537109375,383.72662353515625
2022-12-07,139.7883758544922,166.3300018310547,241.33981323242188,383.0738220214844
2022-12-08,141.48440551757812,166.47000122070312,244.3322296142578,386.0747985839844
2022-12-09,140.9984130859375,167.05999755859375,242.3767852783203,383.1907653808594
2022-12-12,143.30935668945312,165.67999267578125,249.37887573242188,388.7153015136719
2022-12-13,144.28135681152344,168.50999450683594,253.7342071533203,391.65777587890625
2022-12-14,142.0398406982422,168.10000610351562,254.03048706054688,389.15374755859375
2022-12-15,135.38467407226562,165.35000610351562,245.9222869873047,379.6343688964844
2022-12-16,133.41091918945312,166.7899932861328,241.65586853027344,375.15234375
2022-12-19,131.2883758544922,166.32000732421875,237.4684295654297,371.97119140625
2022-12-20,131.21896362304688,169.0800018310547,238.80169677734375,372.48016357421875
2022-12-21,134.34324645996094,168.8000030517578,241.39906311035156,378.0497131347656
2022-12-22,131.1495361328125,166.75999450683594,235.23646545410156,372.6563720703125
2022-12-23,130.78256225585938,167.25999450683594,235.76974487304688,374.79998779296875
2022-12-27,128.967529296875,168.6699981689453,234.02171325683594,373.3219299316406
2022-12-28,125.0101318359375,167.91000366210938,231.62184143066406,368.6823425292969
2022-12-29,128.5509490966797,168.85000610351562,238.021484375,375.3187561035156
2022-12-30,128.8683319091797,169.63999938964844,236.84625244140625,374.3301696777344
2023-01-03,124.04804229736328,171.05999755859375,236.60922241210938,372.7542419433594
2023-01-04,125.32750701904297,172.6699981689453,226.25917053222656,375.6319580078125
2023-01-05,123.99845123291016,170.52000427246094,219.55337524414062,371.3447570800781
2023-01-06,128.5608673095703,173.7100067138672,222.140869140625,379.8604736328125
2023-01-09,129.0865478515625,174.10000610351562,224.30369567871094,379.6451416015625
2023-01-10,129.6617889404297,174.74000549316406,226.01226806640625,382.3074951171875
2023-01-11,132.39926147460938,174.6199951171875,232.84646606445312,387.1429138183594
2023-01-12,132.31991577148438,176.63999938964844,235.55250549316406,388.5523986816406
2023-01-13,133.6588592529297,178.75999450683594,236.2635498046875,390.059814453125
2023-01-17,134.82920837402344,177.58999633789062,237.36968994140625,389.3452453613281
2023-01-18,134.10519409179688,177.0800018310547,232.88595581054688,383.1982727050781
2023-01-19,134.1647186279297,179.88999938964844,229.0540771484375,380.40863037109375
2023-01-20,136.7434539794922,179.2899932861328,237.2412872314453,387.49530029296875
2023-01-23,139.9569854736328,179.6300048828125,239.57200622558594,392.1446838378906
2023-01-24,141.36537170410156,180.27999877929688,239.0386962890625,391.72381591796875
2023-01-25,140.7008514404297,181.11000061035156,237.62644958496094,391.8706359863281
2023-01-26,142.78369140625,179.47000122070312,244.92481994628906,396.1773986816406
2023-01-27,144.7375946044922,179.22000122070312,245.08282470703125,397.0876770019531
2023-01-30,141.83154296875,178.75999450683594,239.70040893554688,392.10552978515625
2023-01-31,143.1110076904297,179.41000366210938,244.73716735839844,397.87078857421875
2023-02-01,144.24166870117188,181.6699981689453,249.61590576171875,402.0992431640625
2023-02-02,149.58766174316406,177.89999389648438,261.3190002441406,407.95263671875
2023-02-03,153.23757934570312,173.4600067138672,255.14645385742188,403.6164855957031
2023-02-06,150.49020385742188,173.82000732421875,253.5860595703125,401.14984130859375
2023-02-07,153.3863525390625,173.97999572753906,264.24224853515625,406.39630126953125
2023-02-08,150.6786346435547,174.41000366210938,263.4225769042969,401.95245361328125
2023-02-09,149.63722229003906,173.02999877929688,260.3511047363281,398.4678649902344
2023-02-10,150.00477600097656,173.36000061035156,259.83758544921875,399.39776611328125
2023-02-13,152.8258819580078,172.47999572753906,267.9556579589844,404.0863037109375
2023-02-14,152.18019104003906,172.61000061035156,268.7951354980469,403.9003601074219
2023-02-15,154.29600524902344,170.88999938964844,266.64666748046875,405.2120056152344
2023-02-16,152.68679809570312,170.75,259.5478210449219,399.6326599121094
2023-02-17,151.53453063964844,171.25999450683594,255.4984130859375,398.63427734375
2023-02-21,147.49160766601562,170.6199951171875,250.16192626953125,390.6373291015625
2023-02-22,147.9187469482422,169.66000366210938,249.013427734375,390.0989685058594
2023-02-23,148.40550231933594,169.57000732421875,252.24107360839844,392.174072265625
2023-02-24,145.73341369628906,168.35000610351562,246.74615478515625,387.9847106933594
2023-02-27,146.93533325195312,169.00999450683594,247.6768341064453,389.30615234375
2023-02-28,146.42872619628906,169.77999877929688,246.9441680908203,387.86724853515625
2023-03-01,144.34271240234375,170.75999450683594,243.82546997070312,386.37945556640625
2023-03-02,144.93873596191406,170.66000366210938,248.61740112304688,389.3844299316406
2023-03-03,150.02462768554688,172.49000549316406,252.7559051513672,395.6292724609375
2023-03-06,152.80599975585938,171.6199951171875,254.3202362060547,395.90338134765625
2023-03-07,150.5908660888672,168.6199951171875,251.62721252441406,389.8346252441406
2023-03-08,151.85238647460938,168.5399932861328,251.18170166015625,390.4709167480469
2023-03-09,149.5875701904297,170.1999969482422,249.81541442871094,383.26678466796875
2023-03-10,147.511474609375,173.8699951171875,246.12240600585938,377.7364196777344
2023-03-13,149.46836853027344,177.86000061035156,251.39950561523438,377.19805908203125
2023-03-14,151.57424926757812,176.8300018310547,258.20135498046875,383.4331970214844
2023-03-15,151.9716033935547,178.2100067138672,262.80517578125,381.0350341796875
2023-03-16,154.81256103515625,178.57000732421875,273.4583435058594,387.7204284667969
2023-03-17,153.9682159423828,183.77000427246094,276.65625,383.1868896484375
2023-03-20,156.3522186279297,183.83999633789062,269.52777099609375,386.8714904785156
2023-03-21,158.2197265625,180.3699951171875,271.0623474121094,391.95135498046875
2023-03-22,156.77935791015625,183.44000244140625,269.5871887207031,385.2698974609375
2023-03-23,157.87205505371094,185.74000549316406,274.90386962890625,386.3114318847656
2023-03-24,159.1832733154297,183.64999389648438,277.7850036621094,388.846435546875
2023-03-27,157.22637939453125,181.9499969482422,273.6365966796875,389.57354736328125
2023-03-28,156.60055541992188,183.44000244140625,272.4980163574219,388.6990661621094
2023-03-29,159.69981384277344,182.52999877929688,277.7256164550781,394.3487854003906
2023-03-30,161.2792205810547,184.17999267578125,281.2304382324219,396.65777587890625
2023-03-31,163.8022918701172,183.22000122070312,285.4382019042969,402.24847412109375
2023-04-03,165.06387329101562,184.5399932861328,284.3788757324219,403.78131103515625
2023-04-04,164.5274658203125,187.97999572753906,284.3293762207031,401.5410461425781
2023-04-05,162.66989135742188,187.8300018310547,281.51751708984375,400.48968505859375
2023-04-06,163.5639190673828,186.49000549316406,288.7054748535156,402.0519714355469
2023-04-10,160.951416015625,185.11000061035156,286.5174560546875,402.4646301269531
2023-04-11,159.72959899902344,186.27999877929688,280.0224914550781,402.57275390625
2023-04-12,159.03427124023438,187.19000244140625,280.6759948730469,400.931884765625
2023-04-13,164.45791625976562,189.72000122070312,286.96295166015625,406.2572937011719
2023-04-14,164.1102752685547,186.36000061035156,283.2997131347656,405.2649230957031
2023-04-17,164.13011169433594,185.52999877929688,285.93328857421875,406.7191467285156
2023-04-18,165.3618621826172,186.25,285.5075378417969,406.9844055175781
2023-04-19,166.51416015625,185.36000061035156,285.5867919921875,406.9156494140625
2023-04-20,165.5406494140625,186.08999633789062,283.26995849609375,404.695068359375
2023-04-21,163.9215087890625,184.25,282.9234924316406,405.0094909667969
2023-04-24,164.2294464111328,184.80999755859375,278.9730224609375,405.4319763183594
2023-04-25,162.67982482910156,185.75,272.68609619140625,398.9962158203125
2023-04-26,162.66989135742188,184.74000549316406,292.43804931640625,397.30621337890625
2023-04-27,167.28895568847656,184.75,301.8041687011719,405.2157897949219
2023-04-28,168.5504913330078,184.8000030517578,304.2100830078125,408.6744079589844
2023-05-01,168.46107482910156,183.97000122070312,302.52691650390625,408.26171875
2023-05-02,167.41807556152344,187.52000427246094,302.3783874511719,403.6732177734375
2023-05-03,166.33534240722656,189.11000061035156,301.3784484863281,400.9023742675781
2023-05-04,164.68638610839844,190.44000244140625,302.3783874511719,398.06280517578125
2023-05-05,172.4146270751953,187.4600067138672,307.5663757324219,405.4319763183594
2023-05-08,172.34507751464844,187.69000244140625,305.58624267578125,405.5400695800781
2023-05-09,170.6265869140625,189.02000427246094,303.95263671875,403.7616271972656
2023-05-10,172.4046630859375,188.75,309.20989990234375,405.6481628417969
2023-05-11,172.59339904785156,187.1300048828125,307.0317077636719,404.94073486328125
2023-05-12,171.6583709716797,186.80999755859375,305.9031066894531,404.41009521484375
2023-05-15,171.16102600097656,187.2100067138672,306.3882141113281,405.80535888671875
2023-05-16,171.16102600097656,184.8699951171875,308.6455993652344,403.0934753417969
2023-05-17,171.77774047851562,184.22999572753906,311.562744140625,407.98663330078125
2023-05-18,174.12525939941406,181.83999633789062,316.04766845703125,411.9168395996094
2023-05-19,174.23471069335938,183.63999938964844,315.8690490722656,411.3174743652344
2023-05-22,173.27975463867188,183.2100067138672,318.68701171875,411.48455810546875
2023-05-23,170.65370178222656,183.42999267578125,312.8129577636719,406.866455078125
2023-05-24,170.93222045898438,181.9499969482422,311.4139099121094,403.9188232421875
2023-05-25,172.076171875,180.1999969482422,323.39019775390625,407.4167175292969
2023-05-26,174.5032501220703,180.9199981689453,330.30615234375,412.6930236816406
2023-05-30,176.36338806152344,182.0399932861328,328.63916015625,412.8502502441406
2023-05-31,176.3136444091797,182.32000732421875,325.841064453125,410.5609436035156
2023-06-01,179.13864135742188,183.75999450683594,329.9985046386719,414.4617004394531
2023-06-02,179.99407958984375,181.0500030517578,332.796630859375,420.45526123046875
2023-06-05,178.63133239746094,182.13999938964844,333.3324890136719,419.6495666503906
2023-06-06,178.26329040527344,182.33999633789062,331.0899658203125,420.5633239746094
2023-06-07,176.88063049316406,180.14999389648438,320.86993408203125,419.109130859375
2023-06-08,179.61610412597656,182.52999877929688,322.7353515625,421.6441345214844
2023-06-09,180.00404357910156,182.0399932861328,324.25347900390625,422.40069580078125
2023-06-12,182.819091796875,181.8800048828125,329.2742004394531,426.232666015625
2023-06-13,182.3416290283203,180.5399932861328,331.69525146484375,429.0428161621094
2023-06-14,182.97825622558594,180.63999938964844,334.7215881347656,429.5537109375
2023-06-15,185.02735900878906,181.91000366210938,345.3980407714844,434.8791809082031
2023-06-16,183.943115234375,181.6300048828125,339.6728515625,433.3978576660156
2023-06-20,184.03262329101562,,335.42608642578125,431.1493225097656
2023-06-21,182.9882049560547,,330.97088623046875,428.94024658203125
2023-06-22,186.01214599609375,,337.07318115234375,430.48858642578125
2023-06-23,185.6938018798828,,332.4195861816406,427.2341003417969
2023-06-26,184.29129028320312,,326.0494384765625,425.488525390625
2023-06-27,187.0665283203125,,331.97308349609375,430.15325927734375
2023-06-28,188.250244140625,,333.2431640625,430.3702392578125
2023-06-29,188.58843994140625,,332.4493408203125,432.0664978027344
2023-06-30,192.94532775878906,,337.8967590332031,437.16522216796875
2023-07-03,191.4433135986328,,335.36651611328125,437.6681213378906
2023-07-05,190.3192596435547,,335.5252990722656,437.01727294921875
2023-07-06,190.79673767089844,,338.62109375,433.59515380859375
2023-07-07,189.6726837158203,,334.6025085449219,432.5004577636719
2023-07-10,187.61363220214844,,329.25433349609375,433.59515380859375
2023-07-11,187.08644104003906,,329.889404296875,436.35650634765625
2023-07-12,188.7675018310547,,334.5826721191406,439.86737060546875
2023-07-13,189.53343200683594,,340.0002746582031,443.3585510253906
2023-07-14,189.68263244628906,,342.5602722167969,443.0824279785156
2023-07-17,192.9652099609375,,343.04644775390625,444.62091064453125
2023-07-18,192.70657348632812,,356.6996154785156,447.9247131347656
2023-07-19,194.06935119628906,,352.3238830566406,448.9207763671875
2023-07-20,192.10975646972656,,344.1776428222656,445.9424133300781
2023-07-21,190.92604064941406,,341.1016540527344,445.9424133300781
2023-07-24,191.7317657470703,,342.4312744140625,447.9345703125
2023-07-25,192.59715270996094,,348.2557373046875,449.157470703125
2023-07-26,193.47251892089844,,335.14825439453125,449.22650146484375
2023-07-27,192.19927978515625,,328.1529541015625,446.2481689453125
2023-07-28,194.7954864501953,,335.74359130859375,450.6170654296875
2023-07-31,195.41220092773438,,333.3126220703125,451.4750671386719
2023-08-01,194.57664489746094,,333.7293395996094,450.18310546875
2023-08-02,191.56265258789062,,324.9579772949219,443.9206848144531
2023-08-03,190.16009521484375,,324.1244812011719,442.6484680175781
2023-08-04,181.0286102294922,,325.23577880859375,440.646484375
2023-08-07,177.90518188476562,179.77999877929688,327.54766845703125,444.4927062988281
2023-08-08,178.85015869140625,178.63999938964844,323.51922607421875,442.5597229003906
2023-08-09,177.24867248535156,177.7899932861328,319.7289123535156,439.60113525390625
2023-08-10,177.0298309326172,177.60000610351562,320.4234313964844,439.7589416503906
2023-08-11,177.089599609375,177.60000610351562,318.5183410644531,439.5025329589844
2023-08-14,178.75303649902344,177.05999755859375,321.52484130859375,441.92852783203125
2023-08-15,176.75094604492188,176.58999633789062,319.3616943359375,436.78057861328125
2023-08-16,175.87442016601562,175.57000732421875,318.5861511230469,433.575439453125
2023-08-17,173.3145294189453,175.3000030517578,315.08612060546875,430.2716064453125
2023-08-18,173.8026123046875,175.3300018310547,314.6883850097656,430.4787292480469
2023-08-21,175.14727783203125,175.80999755859375,320.05780029296875,433.2795104980469
2023-08-22,176.53179931640625,176.10000610351562,320.6344909667969,432.10595703125
2023-08-23,180.40647888183594,177.88999938964844,325.1488037109375,436.9186706542969
2023-08-24,175.68515014648438,177.85000610351562,318.1585998535156,430.86334228515625
2023-08-25,177.9063720703125,177.6199951171875,321.1515808105469,433.9008483886719
2023-08-28,179.48016357421875,178.1300048828125,321.86749267578125,436.6523742675781
2023-08-29,183.3946533203125,179.8699951171875,326.5508117675781,442.9640808105469
2023-08-30,186.91075134277344,180.32000732421875,326.9286804199219,444.78857421875
2023-08-31,187.12989807128906,180.02000427246094,325.904541015625,444.1376647949219
2023-09-01,188.71365356445312,180.11000061035156,326.7994079589844,444.966064453125
2023-09-05,188.95269775390625,178.63999938964844,331.66168212890625,443.0429382324219
2023-09-06,182.18943786621094,177.8300018310547,330.99554443359375,440.06463623046875
2023-09-07,176.8605194091797,178.02000427246094,328.0423278808594,438.7135314941406
2023-09-08,177.47805786132812,178.0800018310547,332.37762451171875,439.3742980957031
2023-09-11,178.65341186523438,178.41000366210938,336.02685546875,442.2638854980469
2023-09-12,175.60548400878906,177.49000549316406,329.89178466796875,439.8377990722656
2023-09-13,173.52371215820312,177.0800018310547,334.15753173828125,440.35064697265625
2023-09-14,175.0476837158203,177.1699981689453,336.7825622558594,444.14752197265625
2023-09-15,174.32054138183594,178.33999633789062,328.3505554199219,438.79632568359375
2023-09-18,177.26889038085938,179.38999938964844,327.1971130371094,439.0535888671875
2023-09-19,178.36456298828125,179.22000122070312,326.7894287109375,438.1430969238281
2023-09-20,174.7986602783203,179.35000610351562,318.9540710449219,434.1151123046875
2023-09-21,173.24481201171875,178.0500030517578,317.7210998535156,426.9399108886719
2023-09-22,174.10140991210938,178.6199951171875,315.2153625488281,425.9798889160156
2023-09-25,175.38633728027344,177.6999969482422,315.74237060546875,427.771240234375
2023-09-26,171.28256225585938,176.27999877929688,310.3729553222656,421.4867248535156
2023-09-27,169.7585906982422,174.10000610351562,311.01922607421875,421.65496826171875
2023-09-28,170.017578125,173.22999572753906,311.86444091796875,424.0994873046875
2023-09-29,170.53553771972656,171.4499969482422,313.9624938964844,423.0702209472656
2023-10-02,173.06552124023438,169.64999389648438,319.9782409667969,422.9019775390625
2023-10-03,171.72084045410156,169.16000366210938,311.6158447265625,417.240966796875
2023-10-04,172.97589111328125,169.13999938964844,317.1543273925781,420.279296875
2023-10-05,174.22096252441406,168.8300018310547,317.5520324707031,420.1209411621094
2023-10-06,176.79080200195312,169.6999969482422,325.4073486328125,425.1089782714844
2023-10-09,178.28488159179688,172.82000732421875,327.9528503417969,427.8305969238281
2023-10-10,177.68724060058594,172.52999877929688,326.5309753417969,430.057373046875
2023-10-11,179.0916748046875,173.7899932861328,330.53814697265625,431.8190612792969
2023-10-12,179.99810791015625,173.25999450683594,329.2852783203125,429.18646240234375
2023-10-13,178.14541625976562,178.8300018310547,325.87469482421875,427.04876708984375
2023-10-16,178.0159454345703,177.9600067138672,330.75689697265625,431.5419006347656
2023-10-17,176.45211791992188,178.2899932861328,330.1801452636719,431.5220947265625
2023-10-18,175.14727783203125,180.8699951171875,328.2411804199219,425.77203369140625
2023-10-19,174.768798828125,183.08999633789062,329.4443359375,422.0310363769531
2023-10-20,172.19895935058594,183.58999633789062,324.8207092285156,416.8450927734375
2023-10-23,172.3184814453125,182.97000122070312,327.4556884765625,416.12261962890625
2023-10-24,172.75674438476562,182.9499969482422,328.6588439941406,419.25994873046875
2023-10-25,170.4259796142578,183.72000122070312,338.741455078125,413.24261474609375
2023-10-26,166.23255920410156,184.00999450683594,326.0337829589844,408.2942199707031
2023-10-27,167.55731201171875,186.14999389648438,327.9429016113281,406.4434814453125
2023-10-30,169.61912536621094,185.10000610351562,335.4004211425781,411.3028869628906
2023-10-31,170.09725952148438,184.08999633789062,336.1958923339844,413.8859558105469
2023-11-01,173.28465270996094,183.50999450683594,344.1108703613281,418.2999267578125
2023-11-02,176.8704833984375,184.1199951171875,346.3481140136719,426.31640625
2023-11-03,175.95408630371094,184.7899932861328,350.802734375,430.205810546875
2023-11-06,178.52394104003906,183.35000610351562,354.5116271972656,431.1955261230469
2023-11-07,181.10372924804688,182.58999633789062,358.489013671875,432.4226989746094
2023-11-08,182.1695098876953,180.77000427246094,361.1438903808594,432.73944091796875
2023-11-09,181.69140625,181.49000549316406,358.6480712890625,429.3646240234375
2023-11-10,185.9102783203125,179.50999450683594,367.5772705078125,436.0647888183594
2023-11-13,184.31448364257812,180.50999450683594,364.6041564941406,435.64910888671875
2023-11-14,186.9475555419922,182.1199951171875,368.173828125,444.10101318359375
2023-11-15,187.51605224609375,181.63999938964844,368.32330322265625,445.04119873046875
2023-11-16,189.21160888671875,183.69000244140625,374.7996520996094,445.5855407714844
2023-11-17,189.191650390625,183.6699981689453,368.5026550292969,446.1397705078125
2023-11-20,190.947021484375,183.3699951171875,376.06500244140625,449.5739440917969
2023-11-21,190.13914489746094,185.35000610351562,371.7109069824219,448.59417724609375
2023-11-22,190.80740356445312,184.55999755859375,376.4735107421875,450.32611083984375
2023-11-24,189.4709014892578,185.52000427246094,376.05499267578125,450.60321044921875
2023-11-27,189.29136657714844,186.77000427246094,377.230712890625,449.79168701171875
2023-11-28,189.89976501464844,189.25999450683594,381.30584716796875,450.237060546875
2023-11-29,188.8724822998047,189.5399932861328,377.4698486328125,449.9203186035156
2023-11-30,189.45095825195312,188.75,377.5296325683594,451.69189453125
2023-12-01,190.73757934570312,192.00999450683594,373.1456604003906,454.3640441894531
2023-12-04,188.93231201171875,187.86000061035156,367.7952575683594,451.9788818359375
2023-12-05,192.91184997558594,187.14999389648438,371.16290283203125,451.88983154296875
2023-12-06,191.8147430419922,187.83999633789062,367.4564514160156,450.0688171386719
2023-12-07,193.75962829589844,188.14999389648438,369.5986328125,453.5030212402344
2023-12-08,195.1958465576172,185.63999938964844,372.86669921875,455.45269775390625
2023-12-11,192.6724853515625,183.58999633789062,369.94732666015625,457.2242126464844
2023-12-12,194.19847106933594,183.49000549316406,373.0161437988281,459.3124694824219
2023-12-13,197.43992614746094,187.6300048828125,373.00616455078125,465.64642333984375
2023-12-14,197.5895233154297,188.72999572753906,364.596923828125,467.140869140625
2023-12-15,197.0509490966797,187.0,369.37945556640625,466.3717041015625
2023-12-18,195.3753662109375,187.85000610351562,371.29241943359375,468.9950866699219
2023-12-19,196.422607421875,189.1300048828125,371.9002380371094,471.8470153808594
2023-12-20,194.31814575195312,188.10000610351562,369.26983642578125,465.3084716796875
2023-12-21,194.16851806640625,189.42999267578125,372.1792297363281,469.7204895019531
2023-12-22,193.0913848876953,190.27000427246094,373.21539306640625,470.66448974609375
2023-12-26,192.54281616210938,191.72000122070312,373.2951354980469,472.6518859863281
2023-12-27,192.64254760742188,192.58999633789062,372.707275390625,473.5065002441406
2023-12-28,193.07142639160156,191.47000122070312,373.912841796875,473.6853332519531
2023-12-29,192.02418518066406,191.1699981689453,374.6700744628906,472.31402587890625
2024-01-02,185.15228271484375,190.72000122070312,369.5189208984375,469.6707763671875
2024-01-03,183.76593017578125,189.1300048828125,369.2499084472656,465.83514404296875
2024-01-04,181.43209838867188,189.32000732421875,366.5995788574219,464.3346252441406
2024-01-05,180.70399475097656,189.35000610351562,366.4103088378906,464.97064208984375
2024-01-08,185.07249450683594,187.8699951171875,373.32501220703125,471.6085205078125
2024-01-09,184.65359497070312,187.92999267578125,374.4210205078125,470.89306640625
2024-01-10,185.7008514404297,187.5,381.37554931640625,473.55615234375
2024-01-11,185.1024169921875,187.8699951171875,383.2287902832031,473.3475036621094
2024-01-12,185.43154907226562,189.7100067138672,387.0548095703125,473.6753845214844
2024-01-16,183.14756774902344,187.91000366210938,388.8482360839844,471.9364013671875
2024-01-17,182.20005798339844,185.83999633789062,388.0511474609375,469.3130798339844
2024-01-18,188.13442993164062,187.3699951171875,392.43511962890625,473.4866027832031
2024-01-19,191.05673217773438,187.92999267578125,397.2176818847656,479.38916015625
2024-01-22,193.38059997558594,187.22000122070312,395.0655212402344,480.4027404785156
2024-01-23,194.66722106933594,187.9499969482422,397.4468078613281,481.8038330078125
2024-01-24,193.98899841308594,186.39999389648438,401.0934753417969,482.33050537109375
2024-01-25,193.65988159179688,187.13999938964844,403.39508056640625,484.953857421875
2024-01-26,191.9144744873047,187.00999450683594,402.45849609375,484.3377685546875
2024-01-29,191.2262725830078,188.3300018310547,408.2273864746094,488.17340087890625
2024-01-30,187.5459747314453,188.58999633789062,407.10150146484375,487.79583740234375
2024-01-31,183.91554260253906,188.4499969482422,396.1316223144531,479.8363037109375
2024-02-01,186.3690948486328,190.41000366210938,402.3090515136719,486.11651611328125
2024-02-02,185.3617401123047,188.61000061035156,409.7219543457031,491.2340393066406
2024-02-05,187.18692016601562,187.57000732421875,404.1722412109375,489.44537353515625
2024-02-06,188.80267333984375,188.5500030517578,404.0127868652344,490.8663635253906
2024-02-07,188.91238403320312,188.5,412.5415954589844,494.96038818359375
2024-02-08,187.82525634765625,188.3300018310547,412.60137939453125,495.17901611328125
2024-02-09,188.59420776367188,187.60000610351562,419.0179138183594,498.0408630371094
2024-02-12,186.89649963378906,187.11000061035156,413.7472229003906,497.8222351074219
2024-02-13,184.7893524169922,184.52999877929688,404.83978271484375,490.9656982421875
2024-02-14,183.9005584716797,184.4199981689453,408.7527160644531,
2024-02-15,183.6109619140625,185.66000366210938,405.8280029296875,
2024-02-16,182.06304931640625,186.33999633789062,403.3324890136719,
2024-02-20,181.31407165527344,187.47000122070312,402.0647888183594,
2024-02-21,182.07305908203125,187.47999572753906,401.45587158203125,
2024-02-22,184.12026977539062,187.55999755859375,410.9088134765625,
2024-02-23,182.2727813720703,188.6199951171875,409.6011962890625,
2024-02-26,180.9146270751953,188.1999969482422,406.8062438964844,
2024-02-27,182.38262939453125,188.0,406.746337890625,
2024-02-28,181.17425537109375,188.33999633789062,406.98590087890625,
2024-02-29,180.5051727294922,189.30999755859375,412.895263671875,
2024-03-01,179.41665649414062,192.88999938964844,414.75189208984375,
2024-03-04,174.86282348632812,196.00999450683594,414.1729736328125,
2024-03-05,169.8895721435547,197.19000244140625,401.9250183105469,
2024-03-06,168.8909149169922,198.80999755859375,401.36602783203125,
2024-03-07,168.77108764648438,199.94000244140625,408.40338134765625,
2024-03-08,170.4987335205078,201.6300048828125,405.4886169433594,
2024-03-11,172.51600646972656,202.0,403.7916564941406,
2024-03-12,172.99534606933594,199.7899932861328,414.53228759765625,
2024-03-13,170.89820861816406,201.19000244140625,414.3526306152344,
2024-03-14,172.7656707763672,200.35000610351562,424.45440673828125,
2024-03-15,172.3861846923828,199.7100067138672,415.6702575683594,
2024-03-18,173.4846954345703,200.02999877929688,416.5686340332031,
2024-03-19,175.84149169921875,199.8000030517578,420.6512756347656,
2024-03-20,178.42799377441406,202.17999267578125,424.4643859863281,
2024-03-21,171.13787841796875,201.97000122070312,428.596923828125,
2024-03-22,172.04664611816406,200.35000610351562,427.9680480957031,
2024-03-25,170.61859130859375,200.99000549316406,422.0986328125,
2024-03-26,169.48013305664062,201.63999938964844,420.89080810546875,
2024-03-27,173.0752410888672,203.10000610351562,420.67120361328125,
2024-03-28,171.2477264404297,205.72000122070312,419.9624938964844,
2024-04-01,169.79969787597656,207.82000732421875,423.8055725097656,
2024-04-02,168.61129760742188,210.88999938964844,420.68121337890625,
2024-04-03,169.42019653320312,212.74000549316406,419.6929931640625,
2024-04-04,168.59133911132812,211.52000427246094,417.12762451171875,
2024-04-05,169.3502960205078,215.13999938964844,424.75384521484375,
2024-04-08,168.22183227539062,216.47999572753906,423.8255310058594,
2024-04-09,169.44017028808594,217.6699981689453,425.5124816894531,
2024-04-10,167.552734375,215.61000061035156,422.4979248046875,
2024-04-11,174.8029022216797,219.8000030517578,427.1595153808594,
2024-04-12,176.3108673095703,216.88999938964844,421.140380859375,
2024-04-15,172.45608520507812,220.9499969482422,412.895263671875,
2024-04-16,169.15057373046875,221.22000122070312,413.83355712890625,
2024-04-17,167.77244567871094,219.58999633789062,411.0984802246094,
2024-04-18,166.81373596191406,220.33999633789062,403.5421142578125,
2024-04-19,164.77650451660156,221.02999877929688,398.4013977050781,
2024-04-22,165.6153564453125,215.57000732421875,400.2380676269531,
2024-04-23,166.67391967773438,215.0399932861328,406.836181640625,
2024-04-24,168.7910614013672,214.63999938964844,408.323486328125,
2024-04-25,169.65988159179688,215.9199981689453,398.321533203125,
2024-04-26,169.0706787109375,216.6199951171875,405.58843994140625,
2024-04-29,173.26498413085938,216.17999267578125,401.5257568359375,
2024-04-30,170.0992889404297,211.8699951171875,388.6289978027344,
2024-05-01,169.0706787109375,213.7899932861328,394.2289123535156,
2024-05-02,172.79562377929688,213.1300048828125,397.1236877441406,
2024-05-03,183.13160705566406,212.9600067138672,405.9278259277344,
2024-05-06,181.46388244628906,215.1999969482422,412.7954406738281,
2024-05-07,182.15292358398438,214.2100067138672,408.6029968261719,
2024-05-08,182.4924774169922,213.5800018310547,409.80084228515625,
2024-05-09,184.32000732421875,216.9499969482422,411.57763671875,
2024-05-10,183.0500030517578,218.7100067138672,413.9932556152344,
2024-05-13,186.27999877929688,216.25999450683594,412.97509765625,
2024-05-14,187.42999267578125,218.08999633789062,415.80999755859375,
2024-05-15,189.72000122070312,220.88999938964844,423.0799865722656,
2024-05-16,189.83999633789062,220.02999877929688,420.989990234375,
2024-05-17,189.8699951171875,223.66000366210938,420.2099914550781,
2024-05-20,191.0399932861328,224.55999755859375,425.3399963378906,
2024-05-21,192.35000610351562,224.22999572753906,429.0400085449219,
2024-05-22,190.89999389648438,220.11000061035156,430.5199890136719,
2024-05-23,186.8800048828125,215.72000122070312,427.0,
2024-05-24,189.97999572753906,215.9199981689453,430.1600036621094,
2024-05-28,189.99000549316406,218.19000244140625,430.32000732421875,
2024-05-29,190.2899932861328,216.16000366210938,429.1700134277344,
2024-05-30,191.2899932861328,216.57000732421875,414.6700134277344,
2024-05-31,192.25,215.3000030517578,415.1300048828125,
2024-06-03,194.02999877929688,217.22000122070312,413.5199890136719,
2024-06-04,194.35000610351562,215.27000427246094,416.07000732421875,
2024-06-05,195.8699951171875,217.82000732421875,424.010009765625,
2024-06-06,194.47999572753906,219.42999267578125,424.5199890136719,
2024-06-07,196.88999938964844,211.60000610351562,423.8500061035156,
2024-06-10,193.1199951171875,213.5399932861328,427.8699951171875,
2024-06-11,207.14999389648438,214.14999389648438,432.67999267578125,
2024-06-12,213.07000732421875,214.72000122070312,441.05999755859375,
2024-06-13,214.24000549316406,212.97000122070312,441.5799865722656,
2024-06-14,,215.72999572753906,442.57000732421875,
2024-06-17,,214.61000061035156,448.3699951171875,
2024-06-18,,215.47000122070312,446.3399963378906,
2024-06-20,,218.16000366210938,445.70001220703125,
2024-06-21,,214.77999877929688,449.7799987792969,
2024-06-24,,215.6300048828125,447.6700134277344,
2024-06-25,,214.55999755859375,450.95001220703125,
2024-06-26,,212.5800018310547,452.1600036621094,
2024-06-27,,214.99000549316406,452.8500061035156,
2024-06-28,,215.00999450683594,446.95001220703125,
