Date,SPY,GLD
2010-01-01,,
2010-01-04,113.33,109.8
2010-01-05,113.63,109.7
2010-01-06,113.71,111.51
2010-01-07,114.19,110.82
2010-01-08,114.57,111.37
2010-01-11,114.73,112.85
2010-01-12,113.66,110.49
2010-01-13,114.62,111.54
2010-01-14,114.93,112.03
2010-01-15,113.64,110.86
2010-01-18,,
2010-01-19,115.06,111.52
2010-01-20,113.89,108.94
2010-01-21,111.7,107.37
2010-01-22,109.21,107.17
2010-01-25,109.77,107.48
2010-01-26,109.31,107.56
2010-01-27,109.83,106.528
2010-01-28,108.57,106.48
2010-01-29,107.39,105.96
2010-02-01,109.06,108.35
2010-02-02,110.38,109.13
2010-02-03,109.83,108.7
2010-02-04,106.44,104.37
2010-02-05,106.66,104.68
2010-02-08,105.89,104.04
2010-02-09,107.22,105.41
2010-02-10,107.01,105.12
2010-02-11,108.13,107.13
2010-02-12,108.04,107.04
2010-02-15,,
2010-02-16,109.74,109.62
2010-02-17,110.26,109.25
2010-02-18,110.91,109.98
2010-02-19,111.14,109.47
2010-02-22,111.16,109.07
2010-02-23,109.81,107.89
2010-02-24,110.82,107.36
2010-02-25,110.67,108.31
2010-02-26,110.74,109.43
2010-03-01,111.89,109.43
2010-03-02,112.2,111.02
2010-03-03,112.3,111.63
2010-03-04,112.641,110.83
2010-03-05,114.25,110.81
2010-03-08,114.27,109.88
2010-03-09,114.46,109.718
2010-03-10,114.97,108.47
2010-03-11,115.45,108.6
2010-03-12,115.46,107.95
2010-03-15,115.49,108.36
2010-03-16,116.41,110.4
2010-03-17,117.1,109.59
2010-03-18,117.0375,110.34
2010-03-19,115.97,108.28
2010-03-22,116.5925,107.75
2010-03-23,117.41,108.32
2010-03-24,116.84,106.3
2010-03-25,116.65,106.78
2010-03-26,116.582,108.59
2010-03-29,117.32,108.75
2010-03-30,117.4,107.97
2010-03-31,117.0,108.95
2010-04-01,117.8,110.26
2010-04-02,,
2010-04-05,118.76,110.89
2010-04-06,119.04,111.03
2010-04-07,118.36,112.49
2010-04-08,118.7725,112.65
2010-04-09,119.55,113.64
2010-04-12,119.74,113.01
2010-04-13,119.83,112.69
2010-04-14,121.19,113.03
2010-04-15,121.29,113.65
2010-04-16,119.36,111.24
2010-04-19,119.81,111.15
2010-04-20,120.88,111.46
2010-04-21,120.66,112.31
2010-04-22,121.02,111.84
2010-04-23,121.8125,113.19
2010-04-26,121.35,112.75
2010-04-27,118.48,114.63
2010-04-28,119.38,114.31
2010-04-29,120.8575,114.28
2010-04-30,118.8125,115.36
2010-05-03,120.35,115.73
2010-05-04,117.52,114.87
2010-05-05,116.82,115.09
2010-05-06,112.942,118.486
2010-05-07,111.26,118.27
2010-05-10,116.16,117.57
2010-05-11,115.83,120.656
2010-05-12,117.45,121.4
2010-05-13,115.99,120.56
2010-05-14,113.89,120.37
2010-05-17,113.95,119.36
2010-05-18,112.4,119.49
2010-05-19,111.76,116.63
2010-05-20,107.54,115.84
2010-05-21,109.115,115.22
2010-05-24,107.71,116.84
2010-05-25,107.818,117.36
2010-05-26,107.17,118.470001
2010-05-27,110.76,118.69
2010-05-28,109.369,118.881
2010-05-31,,
2010-06-01,107.53,119.91
2010-06-02,110.33,119.78
2010-06-03,110.71,117.96
2010-06-04,106.82,119.19
2010-06-07,105.49,121.49
2010-06-08,106.62,121.0025
2010-06-09,106.05,120.56
2010-06-10,109.15,118.975
2010-06-11,109.68,120.01
2010-06-14,109.509,119.6
2010-06-15,112.0,120.99
2010-06-16,111.96,120.33
2010-06-17,112.14,121.9
2010-06-18,111.729,122.83
2010-06-21,111.41,120.39
2010-06-22,109.57,121.45
2010-06-23,109.23,120.95
2010-06-24,107.42,121.3
2010-06-25,107.8675,122.76
2010-06-28,107.53,121.09
2010-06-29,104.21,121.27
2010-06-30,103.22,121.68
2010-07-01,102.76,117.04
2010-07-02,102.2,118.49
2010-07-05,,
2010-07-06,102.87,116.51
2010-07-07,106.1075,117.73
2010-07-08,107.16,117.21
2010-07-09,107.96,118.36
2010-07-12,108.03,117.34
2010-07-13,109.66,118.36
2010-07-14,109.651,118.3
2010-07-15,109.68,118.23
2010-07-16,106.66,116.67
2010-07-19,107.29,115.73
2010-07-20,108.48,116.65
2010-07-21,107.07,115.85
2010-07-22,109.461,116.863
2010-07-23,110.41,116.09
2010-07-26,111.56,115.52
2010-07-27,111.55,113.51
2010-07-28,110.83,113.78
2010-07-29,110.29,114.288
2010-07-30,110.27,115.49
2010-08-02,112.76,115.54
2010-08-03,112.22,115.99
2010-08-04,112.97,116.72
2010-08-05,112.85,116.98
2010-08-06,112.392,117.84
2010-08-09,112.992,117.4
2010-08-10,112.375,117.73
2010-08-11,109.3,117.34
2010-08-12,108.63,118.77
2010-08-13,108.31,118.74
2010-08-16,108.26,119.73
2010-08-17,109.59,119.75
2010-08-18,109.79,120.22
2010-08-19,107.88,120.39
2010-08-20,107.53,119.97
2010-08-23,107.1236,119.78
2010-08-24,105.53,120.36
2010-08-25,105.94,121.36
2010-08-26,105.23,120.96
2010-08-27,106.86,121.01
2010-08-30,105.311,120.91
2010-08-31,105.31,122.08
2010-09-01,108.46,121.69
2010-09-02,109.47,122.29
2010-09-03,110.89,121.86
2010-09-06,,
2010-09-07,109.64,122.7
2010-09-08,110.41,122.71
2010-09-09,110.919998,121.56
2010-09-10,111.482,121.73
2010-09-13,112.72,121.62
2010-09-14,112.65,124.024
2010-09-15,113.08,123.94
2010-09-16,113.05,124.63
2010-09-17,112.49,124.5425
2010-09-20,114.21,124.87
2010-09-21,113.98,126.01
2010-09-22,113.42,126.2
2010-09-23,112.498,126.3
2010-09-24,114.82,126.69
2010-09-27,114.27,126.72
2010-09-28,114.67,127.85
2010-09-29,114.47,127.95
2010-09-30,114.13,127.91
2010-10-01,114.61,128.91
2010-10-04,113.75,128.46
2010-10-05,116.04,130.99
2010-10-06,116.03,131.81
2010-10-07,115.89,130.37
2010-10-08,116.5375,131.66
2010-10-11,116.65,132.292
2010-10-12,117.01,131.96
2010-10-13,117.92,134.07
2010-10-14,117.46,134.75
2010-10-15,117.7,133.68
2010-10-18,118.28,134.28
2010-10-19,116.73,130.11
2010-10-20,117.87,131.32
2010-10-21,118.13,129.47
2010-10-22,118.347,129.73
2010-10-25,118.7,130.85
2010-10-26,118.72,130.88
2010-10-27,118.38,129.52
2010-10-28,118.4,131.24
2010-10-29,118.49,132.62
2010-11-01,118.53,131.92
2010-11-02,119.475,132.49
2010-11-03,119.95,131.57
2010-11-04,122.26,136.03
2010-11-05,122.725,136.38
2010-11-08,122.49,137.78
2010-11-09,121.61,135.59
2010-11-10,122.1,137.24
2010-11-11,121.635,137.66
2010-11-12,120.198,133.69
2010-11-15,120.03,132.42
2010-11-16,118.16,130.968
2010-11-17,118.218,130.38
2010-11-18,119.9575,132.088
2010-11-19,120.29,132.2
2010-11-22,120.19,133.48
2010-11-23,118.4475,134.41
2010-11-24,120.2,134.18
2010-11-25,,
2010-11-26,119.29,132.82
2010-11-29,119.162,133.508
2010-11-30,118.4925,135.42
2010-12-01,121.01,135.38
2010-12-02,122.56,135.2
2010-12-03,122.89,138.07
2010-12-06,122.76,139.11
2010-12-07,122.83,136.5
2010-12-08,123.28,134.79
2010-12-09,123.76,135.37
2010-12-10,124.48,135.408
2010-12-13,124.56,136.05
2010-12-14,124.67,136.18
2010-12-15,124.098,134.7
2010-12-16,124.82,133.81
2010-12-17,124.3,134.2
2010-12-20,124.6,135.11
2010-12-21,125.39,135.32
2010-12-22,125.78,135.05
2010-12-23,125.6,134.66
2010-12-24,,
2010-12-27,125.65,135.02
2010-12-28,125.83,137.22
2010-12-29,125.92,137.71
2010-12-30,125.72,137.03
2010-12-31,125.75,138.72
2011-01-03,127.05,138.0
2011-01-04,126.98,134.75
2011-01-05,127.64,134.37
2011-01-06,127.39,133.83
2011-01-07,127.14,133.58
2011-01-10,126.98,134.12
2011-01-11,127.43,134.91
2011-01-12,128.58,135.46
2011-01-13,128.3675,134.05
2011-01-14,129.3,132.69
2011-01-17,,
2011-01-18,129.52,133.43
2011-01-19,128.25,133.72
2011-01-20,128.08,131.2
2011-01-21,128.37,131.03
2011-01-24,129.1,130.36
2011-01-25,129.17,130.1
2011-01-26,129.67,131.16
2011-01-27,129.99,127.925
2011-01-28,127.72,130.28
2011-01-31,128.68,129.87
2011-02-01,130.74,130.8
2011-02-02,130.485,130.45
2011-02-03,130.78,132.2
2011-02-04,131.15,131.66
2011-02-07,131.97,131.68
2011-02-08,132.57,133.14
2011-02-09,132.269,133.07
2011-02-10,132.321,132.85
2011-02-11,133.11,132.3225
2011-02-14,133.43,132.95
2011-02-15,133.01,133.97
2011-02-16,133.85,134.1
2011-02-17,134.25,135.04
2011-02-18,134.53,135.41
2011-02-21,,
2011-02-22,131.83,136.29
2011-02-23,131.02,137.51
2011-02-24,130.93,136.48
2011-02-25,132.33,137.384
2011-02-28,133.15,137.661
2011-03-01,130.93,140.03
2011-03-02,131.21,139.917
2011-03-03,133.47,138.09
2011-03-04,132.47,139.35
2011-03-07,131.43,139.721
2011-03-08,132.58,139.36
2011-03-09,132.39,139.41
2011-03-10,129.9375,137.77
2011-03-11,130.84,138.22
2011-03-14,130.05,138.86
2011-03-15,128.56,136.27
2011-03-16,126.175,136.24
2011-03-17,127.85,136.97
2011-03-18,127.76,138.37
2011-03-21,129.74,139.14
2011-03-22,129.29,139.05
2011-03-23,129.66,140.34
2011-03-24,130.9,139.22
2011-03-25,131.3,139.26
2011-03-28,130.98,138.54
2011-03-29,131.86,138.21
2011-03-30,132.77,138.67
2011-03-31,132.59,139.86
2011-04-01,133.15,139.19
2011-04-04,133.26,139.84
2011-04-05,133.24,142.05
2011-04-06,133.66,142.38
2011-04-07,133.32,142.51
2011-04-08,132.86,143.66
2011-04-11,132.46,142.64
2011-04-12,131.47,141.61
2011-04-13,131.46,141.9
2011-04-14,131.56,143.81
2011-04-15,132.04,145.05
2011-04-18,130.56,145.93
2011-04-19,131.31,145.93
2011-04-20,133.1,146.5
2011-04-21,133.78,146.74
2011-04-22,,
2011-04-25,133.64,146.87
2011-04-26,134.791,146.38
2011-04-27,135.67,149.2
2011-04-28,136.11,149.82
2011-04-29,136.43,152.37
2011-05-02,136.22,150.414
2011-05-03,135.73,149.88
2011-05-04,134.83,147.73
2011-05-05,133.61,143.47
2011-05-06,134.2,145.3
2011-05-09,134.72,147.38
2011-05-10,135.87,147.9
2011-05-11,134.44,146.54
2011-05-12,135.08,146.59
2011-05-13,134.04,145.63
2011-05-16,133.19,145.37
2011-05-17,133.17,144.74
2011-05-18,134.36,145.6
2011-05-19,134.68,145.65
2011-05-20,133.61,147.49
2011-05-23,132.06,147.83
2011-05-24,131.95,148.59
2011-05-25,132.39,148.58
2011-05-26,133.0,148.22
2011-05-27,133.51,149.7
2011-05-30,,
2011-05-31,134.9,149.64
2011-06-01,131.87,149.91
2011-06-02,131.73,149.5
2011-06-03,130.42,150.22
2011-06-06,129.045,150.48
2011-06-07,128.96,150.42
2011-06-08,128.42,149.81
2011-06-09,129.4,150.56
2011-06-10,127.6,149.24
2011-06-13,127.7,147.77
2011-06-14,129.32,148.67
2011-06-15,127.02,149.12
2011-06-16,127.3,148.97
2011-06-17,127.05,149.94
2011-06-20,127.7,150.03
2011-06-21,129.45,150.76
2011-06-22,128.67,150.99
2011-06-23,128.301,148.339
2011-06-24,126.81,146.26
2011-06-27,127.94,145.73
2011-06-28,129.61,146.24
2011-06-29,130.72,147.18
2011-06-30,131.97,146.001
2011-07-01,133.92,144.93
2011-07-04,,
2011-07-05,133.81,147.63
2011-07-06,133.97,148.91
2011-07-07,135.36,149.15
2011-07-08,134.4,150.25
2011-07-11,131.97,151.59
2011-07-12,131.4,152.77
2011-07-13,131.84,154.14
2011-07-14,130.93,154.54
2011-07-15,131.69,155.2
2011-07-18,130.61,156.57
2011-07-19,132.73,154.66
2011-07-20,132.65,156.02
2011-07-21,134.49,154.83
2011-07-22,134.58,156.12
2011-07-25,133.83,157.34
2011-07-26,133.33,157.77
2011-07-27,130.6,157.19
2011-07-28,130.22,157.32
2011-07-29,129.33,158.29
2011-08-01,128.78,157.72
2011-08-02,125.49,161.52
2011-08-03,126.17,161.49
2011-08-04,120.26,160.64
2011-08-05,120.08,161.75
2011-08-08,112.26,167.119
2011-08-09,117.48,168.61
2011-08-10,112.29,174.58
2011-08-11,117.33,170.75
2011-08-12,118.12,169.97
2011-08-15,120.62,171.8
2011-08-16,119.59,173.92
2011-08-17,119.67,174.42
2011-08-18,114.51,177.72
2011-08-19,112.64,179.95
2011-08-22,112.73,184.59
2011-08-23,116.44,177.67
2011-08-24,118.08,171.646
2011-08-25,116.28,172.36
2011-08-26,117.97,177.47
2011-08-29,121.36,173.89
2011-08-30,121.68,179.1
2011-08-31,122.22,177.72
2011-09-01,120.94,177.87
2011-09-02,117.85,183.238
2011-09-05,,
2011-09-06,116.99,182.9
2011-09-07,120.29,177.08
2011-09-08,119.04,181.81
2011-09-09,115.92,180.7
2011-09-12,116.67,176.67
2011-09-13,117.74,178.54
2011-09-14,119.37,177.21
2011-09-15,121.43,174.4
2011-09-16,121.521,176.03
2011-09-19,120.31,173.31
2011-09-20,120.17,175.78
2011-09-21,116.63,173.59
2011-09-22,112.86,169.05
2011-09-23,113.54,159.8
2011-09-26,116.24,157.58
2011-09-27,117.54,160.63
2011-09-28,115.145,156.22
2011-09-29,116.05,157.7
2011-09-30,113.15,158.06
2011-10-03,109.93,160.96
2011-10-04,112.34,157.644
2011-10-05,114.42,159.46
2011-10-06,116.49,160.49
2011-10-07,115.71,159.18
2011-10-10,119.58,163.266
2011-10-11,119.7,162.1
2011-10-12,120.75,163.26
2011-10-13,120.51,162.3
2011-10-14,122.57,163.4
2011-10-17,120.23,162.62
2011-10-18,122.58,161.84
2011-10-19,121.13,159.87
2011-10-20,121.66,157.77
2011-10-21,123.97,159.52
2011-10-24,125.49,161.02
2011-10-25,123.049,165.59
2011-10-26,124.3,167.4
2011-10-27,128.63,169.55
2011-10-28,128.6,169.62
2011-10-31,125.5,167.34
2011-11-01,122.002,167.38
2011-11-02,123.99,169.06
2011-11-03,126.25,171.72
2011-11-04,125.481,170.85
2011-11-07,126.26,174.98
2011-11-08,127.88,173.53
2011-11-09,123.161,172.07
2011-11-10,124.32,171.14
2011-11-11,126.66,173.96
2011-11-14,125.46,173.2
2011-11-15,126.083,173.36
2011-11-16,124.08,171.51
2011-11-17,122.105,167.1
2011-11-18,121.979,167.62
2011-11-21,119.661,163.5
2011-11-22,119.19,165.31
2011-11-23,116.56,164.83
2011-11-24,,
2011-11-25,116.34,163.4
2011-11-28,119.71,166.63
2011-11-29,120.05,166.88
2011-11-30,124.99,170.13
2011-12-01,124.97,169.63
2011-12-02,124.86,169.82
2011-12-05,126.22,167.32
2011-12-06,126.26,168.18
2011-12-07,126.73,169.4
2011-12-08,123.95,165.976
2011-12-09,126.05,166.4
2011-12-12,124.21,161.99
2011-12-13,123.05,158.45
2011-12-14,121.74,152.89
2011-12-15,122.185,152.33
2011-12-16,121.59,155.23
2011-12-19,120.29,154.87
2011-12-20,123.93,156.98
2011-12-21,124.17,157.16
2011-12-22,125.27,156.04
2011-12-23,126.39,156.31
2011-12-26,,
2011-12-27,126.49,154.91
2011-12-28,124.83,151.03
2011-12-29,126.12,150.34
2011-12-30,125.5,151.99
2012-01-02,,
2012-01-03,127.495,155.92
2012-01-04,127.7,156.71
2012-01-05,128.04,157.78
2012-01-06,127.71,157.2
2012-01-09,128.02,156.5
2012-01-10,129.13,158.64
2012-01-11,129.2,159.67
2012-01-12,129.51,160.38
2012-01-13,128.84,159.26
2012-01-16,,
2012-01-17,129.34,160.5
2012-01-18,130.77,161.6
2012-01-19,131.46,161.22
2012-01-20,131.95,162.07
2012-01-23,131.61,163.16
2012-01-24,131.46,162.01
2012-01-25,132.56,166.42
2012-01-26,131.88,167.27
2012-01-27,131.82,168.97
2012-01-30,131.37,168.03
2012-01-31,131.32,169.31
2012-02-01,132.47,169.56
2012-02-02,132.68,171.05
2012-02-03,134.54,167.64
2012-02-06,134.45,167.18
2012-02-07,134.79,169.7
2012-02-08,135.19,168.5
2012-02-09,135.36,168.02
2012-02-10,134.361,167.14
2012-02-13,135.36,167.51
2012-02-14,135.19,167.12
2012-02-15,134.56,168.108
2012-02-16,136.049,168.0
2012-02-17,136.41,167.35
2012-02-20,,
2012-02-21,136.47,171.02
2012-02-22,136.032,172.94
2012-02-23,136.631,173.02
2012-02-24,136.93,172.231
2012-02-27,137.16,171.7
2012-02-28,137.559,173.49
2012-02-29,137.02,164.286
2012-03-01,137.73,166.61
2012-03-02,137.312,166.34
2012-03-05,136.75,165.65
2012-03-06,134.75,162.7
2012-03-07,135.69,163.63
2012-03-08,137.04,165.28
2012-03-09,137.57,166.3799
2012-03-12,137.58,165.07
2012-03-13,140.062,162.3
2012-03-14,139.91,159.57
2012-03-15,140.72,161.08
2012-03-16,140.3,161.3
2012-03-19,140.85,161.59
2012-03-20,140.44,160.13
2012-03-21,140.21,160.21
2012-03-22,139.2,159.57
2012-03-23,139.65,161.5329
2012-03-26,141.61,164.4
2012-03-27,141.17,163.24
2012-03-28,140.47,161.51
2012-03-29,140.23,161.28
2012-03-30,140.81,162.12
2012-04-02,141.84,162.94
2012-04-03,141.26,159.89
2012-04-04,139.86,157.21
2012-04-05,139.79,158.31
2012-04-06,,
2012-04-09,138.22,159.37
2012-04-10,135.9,161.1
2012-04-11,137.0,161.065
2012-04-12,138.79,162.7
2012-04-13,137.14,160.85
2012-04-16,137.05,160.46
2012-04-17,139.082,160.27
2012-04-18,138.61,159.31
2012-04-19,137.72,159.43
2012-04-20,137.95,159.54
2012-04-23,136.79,159.07
2012-04-24,137.31,159.3
2012-04-25,139.19,159.62
2012-04-26,140.16,161.03
2012-04-27,140.39,161.38
2012-04-30,139.87,161.88
2012-05-01,140.74,161.32
2012-05-02,140.325,160.59
2012-05-03,139.25,158.97
2012-05-04,137.0,159.47
2012-05-07,137.1,159.08
2012-05-08,136.55,156.0
2012-05-09,135.74,154.47
2012-05-10,136.02,154.77
2012-05-11,135.61,153.56
2012-05-14,134.11,151.33
2012-05-15,133.34,149.74
2012-05-16,132.829,149.46
2012-05-17,130.86,152.8
2012-05-18,129.74,154.55
2012-05-21,131.97,154.65
2012-05-22,132.2,152.08
2012-05-23,132.27,151.62
2012-05-24,132.53,151.41
2012-05-25,132.1,152.68
2012-05-28,,
2012-05-29,133.7,151.02
2012-05-30,131.76,151.91
2012-05-31,131.47,151.62
2012-06-01,128.16,157.5
2012-06-04,128.1,157.32
2012-06-05,129.07,157.14
2012-06-06,131.97,157.21
2012-06-07,132.05,154.5
2012-06-08,133.1,154.73
2012-06-11,131.415,155.36
2012-06-12,132.92,156.4594
2012-06-13,132.07,157.12
2012-06-14,133.47,157.75
2012-06-15,134.14,157.84
2012-06-18,134.4,157.93
2012-06-19,135.7,157.16
2012-06-20,135.48,155.97
2012-06-21,132.44,152.015
2012-06-22,133.46,152.64
2012-06-25,131.32,153.76
2012-06-26,131.98,152.62
2012-06-27,133.173,152.83
2012-06-28,132.79,151.05
2012-06-29,136.105,155.19
2012-07-02,136.51,155.09
2012-07-03,137.412,157.46
2012-07-04,,
2012-07-05,136.79,155.68
2012-07-06,135.49,153.71
2012-07-09,135.32,154.04
2012-07-10,134.14,152.15
2012-07-11,134.16,152.99
2012-07-12,133.51,152.59
2012-07-13,135.75,154.14
2012-07-16,135.43,154.21
2012-07-17,136.36,153.47
2012-07-18,137.37,153.05
2012-07-19,137.73,153.38
2012-07-20,136.47,153.67
2012-07-23,135.09,153.03
2012-07-24,133.925,153.52
2012-07-25,133.96,155.67
2012-07-26,136.17,156.77
2012-07-27,138.675,157.54
2012-07-30,138.68,157.43
2012-07-31,137.71,156.49
2012-08-01,137.59,155.14
2012-08-02,136.64,154.13
2012-08-03,139.349,155.55
2012-08-06,139.62,156.3
2012-08-07,140.32,156.28
2012-08-08,140.49,156.48
2012-08-09,140.61,156.99
2012-08-10,140.84,157.18
2012-08-13,140.77,155.99
2012-08-14,140.79,155.13
2012-08-15,140.95,155.63
2012-08-16,141.99,156.56
2012-08-17,142.18,156.72
2012-08-20,142.19,157.26
2012-08-21,141.76,158.83
2012-08-22,141.82,160.54
2012-08-23,140.665,161.89
2012-08-24,141.51,161.97
2012-08-27,141.54,161.36
2012-08-28,141.4,161.64
2012-08-29,141.51,160.59
2012-08-30,140.49,160.52
2012-08-31,141.16,164.22
2012-09-03,,
2012-09-04,141.03,164.48
2012-09-05,140.91,164.31
2012-09-06,143.77,164.89
2012-09-07,144.33,168.44
2012-09-10,143.51,167.29
2012-09-11,143.91,167.9
2012-09-12,144.39,167.92
2012-09-13,146.59,171.31
2012-09-14,147.24,171.8
2012-09-17,146.74,170.4
2012-09-18,146.62,171.72
2012-09-19,146.7,171.74
2012-09-20,146.71,171.47
2012-09-21,145.87,171.96
2012-09-24,145.645,171.05
2012-09-25,144.1,170.77
2012-09-26,143.295,169.81
2012-09-27,144.64,172.34
2012-09-28,143.97,171.89
2012-10-01,144.345,172.295
2012-10-02,144.5,172.1
2012-10-03,145.09,172.41
2012-10-04,146.125,173.61
2012-10-05,146.14,172.62
2012-10-08,145.642,172.05
2012-10-09,144.2,170.99
2012-10-10,143.28,170.84
2012-10-11,143.36,171.32
2012-10-12,142.89,170.06
2012-10-15,144.08,168.35
2012-10-16,145.54,169.42
2012-10-17,146.2,169.54
2012-10-18,145.82,168.7891
2012-10-19,143.3896,166.97
2012-10-22,143.41,167.58
2012-10-23,141.42,165.4258
2012-10-24,141.02,164.8603
2012-10-25,141.43,166.02
2012-10-26,141.35,165.93
2012-10-29,,
2012-10-30,,
2012-10-31,141.35,166.83
2012-11-01,142.83,166.07
2012-11-02,141.56,162.6
2012-11-05,141.8486,163.23
2012-11-06,142.96,166.3
2012-11-07,139.72,166.49
2012-11-08,138.04,167.99
2012-11-09,138.16,167.82
2012-11-12,138.265,167.45
2012-11-13,137.79,167.1
2012-11-14,135.9299,167.14
2012-11-15,135.7,166.09
2012-11-16,136.37,165.88
2012-11-19,139.13,167.87
2012-11-20,139.19,167.39
2012-11-21,139.45,167.56
2012-11-22,,
2012-11-23,141.35,169.61
2012-11-26,141.05,169.43
2012-11-27,140.33,168.71
2012-11-28,141.46,166.55
2012-11-29,142.12,167.1817
2012-11-30,142.155,166.05
2012-12-03,141.45,166.1267
2012-12-04,141.25,164.42
2012-12-05,141.5,164.12
2012-12-06,141.98,164.5
2012-12-07,142.415,165.165
2012-12-10,142.473,165.8
2012-12-11,143.44,165.65
2012-12-12,143.51,165.77
2012-12-13,142.63,164.37
2012-12-14,142.1051,164.13
2012-12-17,143.77,164.44
2012-12-18,145.37,162.08
2012-12-19,144.29,161.69
2012-12-20,145.12,159.73
2012-12-21,142.79,160.33
2012-12-24,142.35,160.62
2012-12-25,,
2012-12-26,141.75,160.78
2012-12-27,141.5616,161.16
2012-12-28,140.03,160.54
2012-12-31,142.41,162.0204
2013-01-01,,
2013-01-02,146.06,163.17
2013-01-03,145.7341,161.2
2013-01-04,146.37,160.44
2013-01-07,145.9695,159.43
2013-01-08,145.5496,160.56
2013-01-09,145.92,160.49
2013-01-10,147.08,161.98
2013-01-11,147.07,161.06
2013-01-14,146.97,161.54
2013-01-15,147.07,162.558
2013-01-16,147.05,162.65
2013-01-17,148.0,163.35
2013-01-18,148.33,163.09
2013-01-21,,
2013-01-22,149.13,163.67
2013-01-23,149.37,163.21
2013-01-24,149.41,161.42
2013-01-25,150.25,160.65
2013-01-28,150.07,160.29
2013-01-29,150.66,160.99
2013-01-30,150.07,162.19
2013-01-31,149.7,161.2
2013-02-01,151.24,161.45
2013-02-04,149.535,162.0
2013-02-05,151.05,161.96
2013-02-06,151.16,162.39
2013-02-07,150.96,161.84
2013-02-08,151.8,161.57
2013-02-11,151.77,159.7
2013-02-12,152.02,159.89
2013-02-13,152.151,159.05
2013-02-14,152.29,158.348
2013-02-15,152.11,155.76
2013-02-18,,
2013-02-19,153.25,155.33
2013-02-20,151.34,151.44
2013-02-21,150.42,152.62
2013-02-22,151.89,152.97
2013-02-25,149.0,154.34
2013-02-26,150.02,156.22
2013-02-27,151.91,154.57
2013-02-28,151.61,153.0
2013-03-01,152.11,152.44
2013-03-04,152.92,152.3
2013-03-05,154.29,152.38
2013-03-06,154.5,153.23
2013-03-07,154.776,152.69
2013-03-08,155.44,152.71
2013-03-11,156.03,152.99
2013-03-12,155.68,154.19
2013-03-13,155.905,153.66
2013-03-14,156.73,153.68
2013-03-15,155.83,154.001
2013-03-18,154.97,155.38
2013-03-19,154.61,156.08
2013-03-20,155.69,155.37
2013-03-21,154.359,156.246
2013-03-22,155.6,155.55
2013-03-25,154.95,155.24
2013-03-26,156.19,154.72
2013-03-27,156.19,155.36
2013-03-28,156.67,154.47
2013-03-29,,
2013-04-01,156.05,154.67
2013-04-02,156.82,152.43
2013-04-03,155.23,150.73
2013-04-04,155.86,150.29
2013-04-05,155.158,152.81
2013-04-08,156.21,152.16
2013-04-09,156.75,153.34
2013-04-10,158.67,150.75
2013-04-11,159.19,151.05
2013-04-12,158.8,143.95
2013-04-15,155.118,131.31
2013-04-16,157.41,132.8
2013-04-17,155.11,132.87
2013-04-18,154.14,134.3
2013-04-19,155.48,135.47
2013-04-22,156.17,137.9
2013-04-23,157.78,136.88
2013-04-24,157.88,138.3699
2013-04-25,158.52,141.63
2013-04-26,158.24,140.91
2013-04-29,159.3,142.3
2013-04-30,159.68,142.77
2013-05-01,158.28,141.11
2013-05-02,159.75,141.92
2013-05-03,161.368,142.09
2013-05-06,161.78,142.15
2013-05-07,162.5999,140.38
2013-05-08,163.34,142.46
2013-05-09,162.881,140.81
2013-05-10,163.41,139.6
2013-05-13,163.54,138.43
2013-05-14,165.23,137.81
2013-05-15,166.115,134.63
2013-05-16,165.34,134.09
2013-05-17,166.94,131.07
2013-05-20,166.93,135.12
2013-05-21,167.17,132.88
2013-05-22,165.93,131.94
2013-05-23,165.45,134.61
2013-05-24,165.308,133.76
2013-05-27,,
2013-05-28,166.3,133.49
2013-05-29,165.22,134.83
2013-05-30,165.83,136.7
2013-05-31,163.445,133.92
2013-06-03,164.35,136.51
2013-06-04,163.56,135.23
2013-06-05,161.272,135.52
2013-06-06,162.73,136.53
2013-06-07,164.8,133.28
2013-06-10,164.8,133.94
2013-06-11,163.098,133.25
2013-06-12,161.75,134.25
2013-06-13,164.21,133.74
2013-06-14,163.175,134.43
2013-06-17,164.44,133.77
2013-06-18,165.735,132.13
2013-06-19,163.45,130.59
2013-06-20,159.4,123.6
2013-06-21,159.07,125.05
2013-06-24,157.06,123.93
2013-06-25,158.575,123.47
2013-06-26,160.14,118.28
2013-06-27,161.08,115.94
2013-06-28,160.42,119.11
2013-07-01,161.36,121.13
2013-07-02,161.21,120.05
2013-07-03,161.28,120.74
2013-07-04,,
2013-07-05,163.02,118.09
2013-07-08,163.945,119.51
2013-07-09,165.13,120.62
2013-07-10,165.192,120.95
2013-07-11,167.44,124.24
2013-07-12,167.51,124.13
2013-07-15,168.155,124.18
2013-07-16,167.525,124.89
2013-07-17,167.9501,123.32
2013-07-18,168.87,124.01
2013-07-19,169.17,125.11
2013-07-22,169.5,128.84
2013-07-23,169.14,129.71
2013-07-24,168.52,127.48
2013-07-25,168.93,128.67
2013-07-26,169.11,128.78
2013-07-29,168.59,128.47
2013-07-30,168.588,128.12
2013-07-31,168.71,127.96
2013-08-01,170.66,126.61
2013-08-02,170.95,126.36
2013-08-05,170.7,125.7
2013-08-06,169.73,123.97
2013-08-07,169.18,124.15
2013-08-08,169.8,126.86
2013-08-09,169.31,126.86
2013-08-12,169.111,129.13
2013-08-13,169.61,127.74
2013-08-14,168.74,129.0
2013-08-15,166.38,131.69
2013-08-16,165.83,132.58
2013-08-19,164.77,132.01
2013-08-20,165.58,132.45
2013-08-21,164.56,132.07
2013-08-22,166.06,132.81
2013-08-23,166.62,134.9
2013-08-26,166.0,135.45
2013-08-27,163.33,136.75
2013-08-28,163.91,136.71
2013-08-29,164.17,135.87
2013-08-30,163.65,134.62
2013-09-02,,
2013-09-03,164.39,136.42
2013-09-04,165.75,134.66
2013-09-05,165.96,132.2
2013-09-06,166.04,134.15
2013-09-09,167.634,133.91
2013-09-10,168.87,131.74
2013-09-11,169.4,131.7
2013-09-12,168.95,127.67
2013-09-13,169.33,127.82
2013-09-16,170.31,126.45
2013-09-17,171.07,126.5
2013-09-18,173.051,132.01
2013-09-19,172.76,131.75
2013-09-20,170.72,127.96
2013-09-23,169.93,127.55
2013-09-24,169.53,127.66
2013-09-25,169.04,128.79
2013-09-26,169.69,127.79
2013-09-27,168.909,128.97
2013-09-30,168.01,128.18
2013-10-01,169.34,124.59
2013-10-02,169.18,127.06
2013-10-03,167.62,127.18
2013-10-04,168.89,126.53
2013-10-07,167.43,127.64
2013-10-08,165.48,127.4
2013-10-09,165.6,126.11
2013-10-10,169.17,124.27
2013-10-11,170.26,122.6
2013-10-14,170.94,122.83
2013-10-15,169.7,123.73
2013-10-16,172.07,123.54
2013-10-17,173.22,127.42
2013-10-18,174.388,126.85
2013-10-21,174.4,126.98
2013-10-22,175.41,129.34
2013-10-23,174.57,128.69
2013-10-24,175.15,129.9
2013-10-25,175.95,130.46
2013-10-28,176.23,130.56
2013-10-29,177.17,129.77
2013-10-30,176.29,129.6
2013-10-31,175.79,127.74
2013-11-01,176.21,126.95
2013-11-04,176.83,126.81
2013-11-05,176.27,126.56
2013-11-06,177.17,127.2
2013-11-07,174.93,126.16
2013-11-08,177.29,124.279
2013-11-11,177.32,123.87
2013-11-12,176.96,122.45
2013-11-13,178.38,122.85
2013-11-14,179.27,124.27
2013-11-15,180.05,124.32
2013-11-18,179.42,122.9
2013-11-19,179.03,122.95
2013-11-20,178.47,120.12
2013-11-21,179.91,119.94
2013-11-22,180.81,119.92
2013-11-25,180.63,120.46
2013-11-26,180.68,119.82
2013-11-27,181.12,119.46
2013-11-28,,
2013-11-29,181.0,120.7
2013-12-02,180.53,117.58
2013-12-03,179.75,117.96
2013-12-04,179.73,119.96
2013-12-05,178.94,118.3
2013-12-06,180.94,118.55
2013-12-09,181.4,119.72
2013-12-10,180.75,121.82
2013-12-11,178.72,120.86
2013-12-12,178.13,118.29
2013-12-13,178.11,119.38
2013-12-16,179.216,119.69
2013-12-17,178.65,118.65
2013-12-18,181.7,117.61
2013-12-19,181.49,114.82
2013-12-20,181.56,115.94
2013-12-23,182.53,115.57
2013-12-24,182.93,116.1
2013-12-25,,
2013-12-26,183.855,116.74
2013-12-27,183.845,117.12
2013-12-30,183.82,115.39
2013-12-31,184.69,116.12
2014-01-01,,
2014-01-02,182.92,118.0
2014-01-03,182.885,119.29
2014-01-06,182.36,119.5
2014-01-07,183.48,118.82
2014-01-08,183.52,118.12
2014-01-09,183.64,118.46
2014-01-10,184.14,120.26
2014-01-13,181.685,121.02
2014-01-14,183.67,119.89
2014-01-15,184.66,119.66
2014-01-16,184.42,119.79
2014-01-17,183.635,120.93
2014-01-20,,
2014-01-21,184.18,119.7
2014-01-22,184.3,119.19
2014-01-23,182.79,121.79
2014-01-24,178.89,122.29
2014-01-27,178.01,120.96
2014-01-28,179.07,120.95
2014-01-29,177.35,122.47
2014-01-30,179.23,119.77
2014-01-31,178.18,120.09
2014-02-03,174.17,121.32
2014-02-04,175.385,120.99
2014-02-05,175.17,121.29
2014-02-06,177.48,121.24
2014-02-07,179.68,122.17
2014-02-10,180.01,122.92
2014-02-11,181.98,124.36
2014-02-12,182.07,124.43
2014-02-13,183.01,125.49
2014-02-14,184.02,127.15
2014-02-17,,
2014-02-18,184.24,127.4
2014-02-19,183.02,126.27
2014-02-20,184.1,127.6
2014-02-21,183.89,127.58
2014-02-24,184.91,128.99
2014-02-25,184.84,129.21
2014-02-26,184.85,128.11
2014-02-27,185.82,128.2
2014-02-28,186.29,127.62
2014-03-03,184.98,130.29
2014-03-04,187.58,128.68
2014-03-05,187.75,128.89
2014-03-06,188.18,130.17
2014-03-07,188.26,129.09
2014-03-10,188.16,129.13
2014-03-11,187.23,129.86
2014-03-12,187.28,131.76
2014-03-13,185.18,132.21
2014-03-14,184.66,133.1
2014-03-17,186.33,131.64
2014-03-18,187.66,130.62
2014-03-19,186.66,128.09
2014-03-20,187.747,127.86
2014-03-21,186.2,128.47
2014-03-24,185.43,126.18
2014-03-25,186.31,126.41
2014-03-26,184.97,125.41
2014-03-27,184.58,124.59
2014-03-28,185.49,124.56
2014-03-31,187.01,123.61
2014-04-01,188.25,123.39
2014-04-02,188.88,124.32
2014-04-03,188.63,123.92
2014-04-04,186.4,125.57
2014-04-07,184.34,124.91
2014-04-08,185.1,126.09
2014-04-09,187.09,126.32
2014-04-10,183.155,127.01
2014-04-11,181.51,126.93
2014-04-14,182.9401,127.85
2014-04-15,184.2,125.49
2014-04-16,186.125,125.54
2014-04-17,186.39,124.75
2014-04-18,,
2014-04-21,187.04,124.24
2014-04-22,187.89,123.78
2014-04-23,187.45,123.76
2014-04-24,187.83,124.56
2014-04-25,186.29,125.43
2014-04-28,186.875,124.88
2014-04-29,187.75,124.86
2014-04-30,188.31,124.22
2014-05-01,188.325,123.8
2014-05-02,188.06,125.06
2014-05-05,188.42,126.22
2014-05-06,186.78,125.98
2014-05-07,187.88,124.17
2014-05-08,187.675,124.17
2014-05-09,187.96,124.1
2014-05-12,189.785,124.94
2014-05-13,189.96,124.6
2014-05-14,189.06,125.81
2014-05-15,187.4,124.77
2014-05-16,188.05,124.5
2014-05-19,188.74,124.58
2014-05-20,187.55,124.69
2014-05-21,189.13,124.39
2014-05-22,189.59,124.67
2014-05-23,190.35,124.51
2014-05-26,,
2014-05-27,191.52,121.85
2014-05-28,191.38,121.2
2014-05-29,192.37,120.94
2014-05-30,192.68,120.43
2014-06-02,192.895,119.7
2014-06-03,192.8,120.01
2014-06-04,193.19,119.76
2014-06-05,194.45,120.66
2014-06-06,195.375,120.61
2014-06-09,195.58,120.65
2014-06-10,195.6,121.39
2014-06-11,194.92,121.41
2014-06-12,193.54,122.64
2014-06-13,194.13,122.96
2014-06-16,194.29,122.42
2014-06-17,194.83,122.28
2014-06-18,196.255,122.67
2014-06-19,196.48,126.94
2014-06-20,195.94,126.5
2014-06-23,195.88,126.85
2014-06-24,194.7,126.98
2014-06-25,195.58,126.99
2014-06-26,195.44,126.73
2014-06-27,195.82,126.66
2014-06-30,195.72,128.04
2014-07-01,197.03,127.7
2014-07-02,197.23,127.7
2014-07-03,198.2,127.16
2014-07-04,,
2014-07-07,197.51,127.02
2014-07-08,196.24,127.07
2014-07-09,197.12,127.84
2014-07-10,196.34,128.54
2014-07-11,196.61,128.78
2014-07-14,197.6,125.72
2014-07-15,197.23,124.53
2014-07-16,197.96,124.97
2014-07-17,195.71,127.0899
2014-07-18,197.7099,126.13
2014-07-21,197.34,126.34
2014-07-22,198.2,125.74
2014-07-23,198.64,125.62
2014-07-24,198.65,124.35
2014-07-25,197.72,125.791
2014-07-28,197.8,125.58
2014-07-29,196.95,125.2
2014-07-30,196.98,124.83
2014-07-31,193.09,123.39
2014-08-01,192.5,124.38
2014-08-04,193.89,123.99
2014-08-05,192.01,123.87
2014-08-06,192.07,125.67
2014-08-07,191.03,126.18
2014-08-08,193.24,126.19
2014-08-11,193.795,125.96
2014-08-12,193.53,125.99
2014-08-13,194.84,126.2
2014-08-14,195.76,126.31
2014-08-15,195.72,125.483
2014-08-18,197.36,124.96
2014-08-19,198.39,124.68
2014-08-20,198.92,124.22
2014-08-21,199.5,122.88
2014-08-22,199.19,123.19
2014-08-25,200.2,122.74
2014-08-26,200.33,123.35
2014-08-27,200.25,123.3199
2014-08-28,200.14,124.0
2014-08-29,200.71,123.86
2014-09-01,,
2014-09-02,200.61,121.65
2014-09-03,200.5,122.15
2014-09-04,200.2101,121.48
2014-09-05,201.11,122.06
2014-09-08,200.59,120.73
2014-09-09,199.32,120.87
2014-09-10,200.07,120.26
2014-09-11,200.3,119.472
2014-09-12,199.13,118.38
2014-09-15,198.981,118.64
2014-09-16,200.48,118.83
2014-09-17,200.75,117.54
2014-09-18,201.82,117.78
2014-09-19,200.7,117.09
2014-09-22,199.15,116.85
2014-09-23,198.01,117.6
2014-09-24,199.56,117.05
2014-09-25,196.34,117.39
2014-09-26,197.9,117.06
2014-09-29,197.54,117.03
2014-09-30,197.02,116.21
2014-10-01,194.35,116.77
2014-10-02,194.38,116.74
2014-10-03,196.52,114.61
2014-10-06,196.29,116.03
2014-10-07,193.26,116.36
2014-10-08,196.64,117.4701
2014-10-09,192.74,117.64
2014-10-10,190.54,117.59
2014-10-13,187.4099,118.52
2014-10-14,187.7,118.59
2014-10-15,186.43,118.99
2014-10-16,186.27,119.22
2014-10-17,188.47,118.99
2014-10-20,190.3,119.8
2014-10-21,194.07,120.02
2014-10-22,192.69,119.34
2014-10-23,194.93,118.52
2014-10-24,196.43,118.35
2014-10-27,196.16,118.06
2014-10-28,198.41,118.1
2014-10-29,198.11,116.41
2014-10-30,199.38,115.19
2014-10-31,201.66,112.66
2014-11-03,201.77,112.15
2014-11-04,201.07,112.22
2014-11-05,202.34,109.79
2014-11-06,203.15,109.88
2014-11-07,203.34,112.97
2014-11-10,203.98,110.46
2014-11-11,204.175,112.04
2014-11-12,203.96,111.5
2014-11-13,204.19,111.67
2014-11-14,204.24,114.47
2014-11-17,204.37,114.05
2014-11-18,205.55,115.05
2014-11-19,205.22,113.68
2014-11-20,205.58,114.86
2014-11-21,206.68,115.39
2014-11-24,207.26,115.11
2014-11-25,207.11,115.38
2014-11-26,207.64,115.16
2014-11-27,,
2014-11-28,207.2,112.11
2014-12-01,205.76,116.58
2014-12-02,207.085,115.14
2014-12-03,207.89,116.33
2014-12-04,207.66,115.88
2014-12-05,208.0,114.43
2014-12-08,206.61,115.78
2014-12-09,206.47,118.19
2014-12-10,203.1601,117.96
2014-12-11,204.19,117.69
2014-12-12,200.89,117.41
2014-12-15,199.51,114.39
2014-12-16,197.91,114.95
2014-12-17,201.79,114.27
2014-12-18,206.78,115.15
2014-12-19,206.52,114.77
2014-12-22,207.47,112.55
2014-12-23,207.75,112.74
2014-12-24,207.77,112.77
2014-12-25,,
2014-12-26,208.44,114.83
2014-12-29,208.72,113.67
2014-12-30,207.6,115.2
2014-12-31,205.54,113.58
2015-01-01,,
2015-01-02,205.43,114.08
2015-01-05,201.72,115.8
2015-01-06,199.82,117.12
2015-01-07,202.31,116.43
2015-01-08,205.9,115.94
2015-01-09,204.25,117.26
2015-01-12,202.65,118.56
2015-01-13,202.08,118.16
2015-01-14,200.86,117.97
2015-01-15,199.0199,120.94
2015-01-16,201.63,122.52
2015-01-19,,
2015-01-20,202.055,124.2
2015-01-21,203.08,124.23
2015-01-22,206.1,125.23
2015-01-23,204.97,124.23
2015-01-26,205.45,122.99
2015-01-27,202.74,124.4
2015-01-28,200.14,123.42
2015-01-29,201.9902,120.76
2015-01-30,199.45,123.45
2015-02-02,201.92,122.42
2015-02-03,204.84,121.05
2015-02-04,204.06,121.58
2015-02-05,206.12,121.79
2015-02-06,205.55,118.64
2015-02-09,204.63,119.17
2015-02-10,206.81,118.47
2015-02-11,206.93,117.07
2015-02-12,208.92,117.34
2015-02-13,209.78,117.98
2015-02-16,,
2015-02-17,210.11,116.01
2015-02-18,210.13,116.34
2015-02-19,209.98,115.94
2015-02-20,211.239,115.28
2015-02-23,211.209,115.43
2015-02-24,211.81,115.26
2015-02-25,211.63,115.7
2015-02-26,211.38,116.07
2015-02-27,210.66,116.16
2015-03-02,211.99,115.68
2015-03-03,211.12,115.47
2015-03-04,210.2301,115.11
2015-03-05,210.46,115.0
2015-03-06,207.5,111.86
2015-03-09,208.36,111.97
2015-03-10,204.98,111.42
2015-03-11,204.5,110.75
2015-03-12,207.1,110.72
2015-03-13,205.8272,110.88
2015-03-16,208.58,110.81
2015-03-17,207.96,110.21
2015-03-18,210.46,112.37
2015-03-19,209.5,112.29
2015-03-20,210.41,113.57
2015-03-23,210.0,114.29
2015-03-24,208.82,114.57
2015-03-25,205.76,114.73
2015-03-26,205.27,115.48
2015-03-27,205.74,115.06
2015-03-30,208.25,113.75
2015-03-31,206.43,113.66
2015-04-01,205.7,115.6
2015-04-02,206.435,115.28
2015-04-03,,
2015-04-06,207.83,116.69
2015-04-07,207.28,116.11
2015-04-08,207.975,115.47
2015-04-09,208.9,114.67
2015-04-10,210.04,115.966
2015-04-13,209.09,115.14
2015-04-14,209.49,114.44
2015-04-15,210.43,115.43
2015-04-16,210.37,115.03
2015-04-17,207.95,115.6
2015-04-20,209.85,114.72
2015-04-21,209.6,115.38
2015-04-22,210.63,113.83
2015-04-23,211.16,114.66
2015-04-24,211.6499,113.05
2015-04-27,210.77,115.33
2015-04-28,211.44,116.33
2015-04-29,210.57,115.51
2015-04-30,208.46,113.47
2015-05-01,210.72,113.08
2015-05-04,211.32,114.1
2015-05-05,208.9,114.42
2015-05-06,208.04,114.36
2015-05-07,208.87,113.42
2015-05-08,211.62,113.97
2015-05-11,210.605,113.53
2015-05-12,209.98,114.5
2015-05-13,210.02,116.55
2015-05-14,212.21,117.18
2015-05-15,212.44,117.53
2015-05-18,213.1,117.52
2015-05-19,213.03,115.89
2015-05-20,212.88,116.08
2015-05-21,213.5,115.69
2015-05-22,212.99,115.6
2015-05-25,,
2015-05-26,210.7,113.91
2015-05-27,212.7,113.89
2015-05-28,212.46,114.02
2015-05-29,211.14,114.1
2015-06-01,211.57,114.0
2015-06-02,211.36,114.46
2015-06-03,211.92,113.64
2015-06-04,210.1292,112.84
2015-06-05,209.77,112.24
2015-06-08,208.48,112.57
2015-06-09,208.45,112.82
2015-06-10,210.95,113.78
2015-06-11,211.63,113.26
2015-06-12,210.01,113.23
2015-06-15,209.11,113.73
2015-06-16,210.25,113.32
2015-06-17,210.59,113.85
2015-06-18,212.78,115.32
2015-06-19,210.81,115.12
2015-06-22,211.89,113.64
2015-06-23,212.04,112.89
2015-06-24,210.5,112.59
2015-06-25,209.86,112.44
2015-06-26,209.82,112.56
2015-06-29,205.42,113.07
2015-06-30,205.85,112.37
2015-07-01,207.5,111.98
2015-07-02,207.31,111.76
2015-07-03,,
2015-07-06,206.72,112.06
2015-07-07,208.02,110.76
2015-07-08,204.53,111.09
2015-07-09,204.9,111.36
2015-07-10,207.48,111.49
2015-07-13,209.77,110.99
2015-07-14,210.68,110.74
2015-07-15,210.61,110.16
2015-07-16,212.3,109.76
2015-07-17,212.48,108.65
2015-07-20,212.59,105.7
2015-07-21,211.75,105.37
2015-07-22,211.37,104.8
2015-07-23,210.18,104.33
2015-07-24,208.0,105.35
2015-07-27,206.79,104.86
2015-07-28,209.33,105.02
2015-07-29,210.77,105.17
2015-07-30,210.82,104.27
2015-07-31,210.5,104.93
2015-08-03,209.79,104.1
2015-08-04,209.38,104.31
2015-08-05,210.07,103.93
2015-08-06,208.35,104.39
2015-08-07,207.95,104.65
2015-08-10,210.57,105.72
2015-08-11,208.67,106.26
2015-08-12,208.92,107.75
2015-08-13,208.66,106.86
2015-08-14,209.42,106.85
2015-08-17,210.59,107.13
2015-08-18,209.98,107.11
2015-08-19,208.32,108.55
2015-08-20,203.97,110.44
2015-08-21,197.83,111.13
2015-08-24,189.5,110.53
2015-08-25,187.27,109.16
2015-08-26,194.46,107.67
2015-08-27,199.27,107.73
2015-08-28,199.28,108.7
2015-08-31,197.67,108.82
2015-09-01,191.77,109.2
2015-09-02,195.41,108.62
2015-09-03,195.55,107.84
2015-09-04,192.59,107.49
2015-09-07,,
2015-09-08,197.43,107.52
2015-09-09,194.79,106.13
2015-09-10,195.85,106.38
2015-09-11,196.74,106.16
2015-09-14,196.01,106.22
2015-09-15,198.46,105.9
2015-09-16,200.18,107.31
2015-09-17,199.73,108.41
2015-09-18,195.45,109.21
2015-09-21,196.46,108.53
2015-09-22,193.91,107.79
2015-09-23,193.6,108.22
2015-09-24,192.9,110.49
2015-09-25,192.85,109.81
2015-09-28,188.01,108.42
2015-09-29,188.12,107.98
2015-09-30,191.63,106.86
2015-10-01,192.13,106.73
2015-10-02,195.0,108.99
2015-10-05,198.47,108.77
2015-10-06,197.79,109.86
2015-10-07,199.41,109.7
2015-10-08,201.21,109.14
2015-10-09,201.33,110.87
2015-10-12,201.52,111.31
2015-10-13,200.25,111.86
2015-10-14,199.29,113.81
2015-10-15,202.35,113.29
2015-10-16,203.27,112.49
2015-10-19,203.37,112.02
2015-10-20,203.11,112.73
2015-10-21,201.85,111.73
2015-10-22,205.26,111.69
2015-10-23,207.51,111.5
2015-10-26,207.0,111.43
2015-10-27,206.6,111.68
2015-10-28,208.95,110.78
2015-10-29,208.83,109.72
2015-10-30,207.93,109.3
2015-11-02,210.39,108.59
2015-11-03,211.0,106.98
2015-11-04,210.36,105.97
2015-11-05,210.15,105.64
2015-11-06,210.04,104.1
2015-11-09,208.08,104.4
2015-11-10,208.56,104.18
2015-11-11,207.74,103.83
2015-11-12,204.84,103.85
2015-11-13,202.54,103.56
2015-11-16,205.62,103.71
2015-11-17,205.47,102.34
2015-11-18,208.73,102.43
2015-11-19,208.55,103.56
2015-11-20,209.3108,103.09
2015-11-23,209.07,102.26
2015-11-24,209.35,102.94
2015-11-25,209.32,102.46
2015-11-26,,
2015-11-27,209.56,101.25
2015-11-30,208.69,101.92
2015-12-01,210.68,102.28
2015-12-02,208.529,100.69
2015-12-03,205.61,101.76
2015-12-04,209.62,104.02
2015-12-07,208.35,102.67
2015-12-08,206.949,102.84
2015-12-09,205.34,102.64
2015-12-10,205.87,102.55
2015-12-11,201.88,103.11
2015-12-14,202.9008,101.79
2015-12-15,205.0308,101.52
2015-12-16,208.03,102.75
2015-12-17,204.86,100.5
2015-12-18,200.0208,102.04
2015-12-21,201.67,103.15
2015-12-22,203.5,102.61
2015-12-23,206.02,102.31
2015-12-24,205.68,103.05
2015-12-25,,
2015-12-28,205.21,102.27
2015-12-29,207.4,102.2
2015-12-30,205.93,101.42
2015-12-31,203.87,101.46
2016-01-01,,
2016-01-04,201.0192,102.89
2016-01-05,201.36,103.18
2016-01-06,198.82,104.67
2016-01-07,194.05,106.15
2016-01-08,191.923,105.68
2016-01-11,192.11,104.74
2016-01-12,193.6608,104.21
2016-01-13,188.83,104.72
2016-01-14,191.93,103.02
2016-01-15,187.81,104.08
2016-01-18,,
2016-01-19,188.06,103.98
2016-01-20,185.65,105.37
2016-01-21,186.69,105.49
2016-01-22,190.52,105.0
2016-01-25,187.64,106.08
2016-01-26,190.2,107.29
2016-01-27,188.13,107.69
2016-01-28,189.11,106.54
2016-01-29,193.7208,106.9492
2016-02-01,193.65,108.05
2016-02-02,190.16,108.09
2016-02-03,191.3,109.25
2016-02-04,191.6,110.57
2016-02-05,187.95,112.32
2016-02-08,185.42,113.83
2016-02-09,185.43,113.58
2016-02-10,185.27,114.46
2016-02-11,182.86,119.0592
2016-02-12,186.63,118.36
2016-02-15,,
2016-02-16,189.78,114.77
2016-02-17,192.88,115.48
2016-02-18,192.09,118.29
2016-02-19,192.0,117.58
2016-02-22,194.78,115.49
2016-02-23,192.32,117.22
2016-02-24,193.2,117.61
2016-02-25,195.54,117.92
2016-02-26,195.0892,117.11
2016-02-29,193.56,118.64
2016-03-01,198.11,117.77
2016-03-02,199.0,118.68
2016-03-03,199.775,120.73
2016-03-04,200.43,120.54
2016-03-07,200.59,121.14
2016-03-08,198.4,120.58
2016-03-09,199.38,119.58
2016-03-10,199.54,121.5
2016-03-11,202.76,119.41
2016-03-14,202.5,117.87
2016-03-15,202.17,117.96
2016-03-16,203.34,120.59
2016-03-17,204.63,120.13
2016-03-18,204.38,119.8
2016-03-21,204.67,118.96
2016-03-22,204.56,119.31
2016-03-23,203.2092,116.61
2016-03-24,203.12,116.33
2016-03-25,,
2016-03-28,203.24,116.6
2016-03-29,205.1208,118.76
2016-03-30,206.02,117.1
2016-03-31,205.52,117.64
2016-04-01,206.92,116.93
2016-04-04,206.25,116.15
2016-04-05,204.1892,117.66
2016-04-06,206.42,116.94
2016-04-07,203.95,118.61
2016-04-08,204.4992,118.43
2016-04-11,204.0201,120.03
2016-04-12,205.92,120.05
2016-04-13,208.0008,118.77
2016-04-14,208.01,117.11
2016-04-15,207.78,117.92
2016-04-18,209.2392,117.74
2016-04-19,209.9,119.58
2016-04-20,210.1,118.97
2016-04-21,208.97,119.42
2016-04-22,208.97,117.89
2016-04-25,208.61,118.23
2016-04-26,208.9192,118.7
2016-04-27,209.35,119.04
2016-04-28,207.4475,121.29
2016-04-29,206.3308,123.65
2016-05-02,207.97,123.24
2016-05-03,206.1592,122.96
2016-05-04,205.01,122.21
2016-05-05,204.97,122.07
2016-05-06,205.72,123.18
2016-05-09,205.8892,120.65
2016-05-10,208.45,120.98
2016-05-11,206.5,122.12
2016-05-12,206.56,121.16
2016-05-13,204.76,121.71
2016-05-16,206.78,121.8
2016-05-17,204.8508,122.22
2016-05-18,204.91,120.1
2016-05-19,204.2,119.87
2016-05-20,205.49,119.71
2016-05-23,205.21,119.37
2016-05-24,207.87,117.3
2016-05-25,209.28,116.98
2016-05-26,209.34,116.58
2016-05-27,210.24,115.62
2016-05-30,,
2016-05-31,209.84,116.06
2016-06-01,210.27,115.94
2016-06-02,210.91,115.67
2016-06-03,210.28,118.88
2016-06-06,211.35,118.92
2016-06-07,211.68,118.82
2016-06-08,212.37,120.58
2016-06-09,212.08,121.25
2016-06-10,210.07,121.74
2016-06-13,208.4492,122.64
2016-06-14,208.04,122.77
2016-06-15,207.75,123.68
2016-06-16,208.37,122.38
2016-06-17,206.52,123.95
2016-06-20,207.85,123.21
2016-06-21,208.44,120.84
2016-06-22,208.1,120.9
2016-06-23,210.81,120.11
2016-06-24,203.13,126.01
2016-06-27,199.6,126.68
2016-06-28,203.1997,125.32
2016-06-29,206.66,125.84
2016-06-30,209.475,126.47
2016-07-01,209.9208,128.41
2016-07-04,,
2016-07-05,208.41,129.47
2016-07-06,209.66,130.23
2016-07-07,209.526,129.74
2016-07-08,212.65,130.52
2016-07-11,213.4,129.29
2016-07-12,214.95,127.15
2016-07-13,214.92,128.32
2016-07-14,216.12,127.33
2016-07-15,215.83,126.84
2016-07-18,216.4092,127.04
2016-07-19,216.19,127.21
2016-07-20,217.085,125.39
2016-07-21,216.265,127.3
2016-07-22,217.24,126.35
2016-07-25,216.65,125.47
2016-07-26,216.75,126.0
2016-07-27,216.52,128.03
2016-07-28,216.77,127.66
2016-07-29,217.12,128.98
2016-08-01,216.94,129.22
2016-08-02,215.5492,130.27
2016-08-03,216.18,129.65
2016-08-04,216.4097,129.87
2016-08-05,218.18,127.55
2016-08-08,218.05,127.44
2016-08-09,218.18,127.96
2016-08-10,217.64,128.56
2016-08-11,218.65,127.67
2016-08-12,218.46,127.4
2016-08-15,219.09,127.84
2016-08-16,217.96,128.47
2016-08-17,218.37,128.5
2016-08-18,218.86,129.11
2016-08-19,218.54,127.97
2016-08-22,218.53,127.78
2016-08-23,218.97,127.76
2016-08-24,217.85,126.34
2016-08-25,217.7,126.23
2016-08-26,217.29,126.05
2016-08-29,218.3608,126.3
2016-08-30,218.0,125.03
2016-08-31,217.38,124.78
2016-09-01,217.39,125.29
2016-09-02,218.37,126.57
2016-09-05,,
2016-09-06,219.0308,128.71
2016-09-07,219.01,128.27
2016-09-08,218.51,127.59
2016-09-09,213.28,126.75
2016-09-12,216.34,126.59
2016-09-13,213.23,125.75
2016-09-14,213.15,126.18
2016-09-15,215.28,125.37
2016-09-16,213.37,125.06
2016-09-19,213.41,125.32
2016-09-20,213.42,125.44
2016-09-21,215.82,127.27
2016-09-22,217.18,127.57
2016-09-23,215.99,127.65
2016-09-26,214.24,127.55
2016-09-27,215.57,126.62
2016-09-28,216.64,126.22
2016-09-29,214.68,126.07
2016-09-30,216.3,125.64
2016-10-03,215.78,125.32
2016-10-04,214.68,120.97
2016-10-05,215.63,120.78
2016-10-06,215.78,119.66
2016-10-07,215.04,119.74
2016-10-10,216.16,120.16
2016-10-11,213.43,119.55
2016-10-12,213.71,119.74
2016-10-13,213.01,120.03
2016-10-14,213.12,119.36
2016-10-17,212.38,119.68
2016-10-18,213.71,120.42
2016-10-19,214.28,121.11
2016-10-20,213.88,120.74
2016-10-21,213.98,120.83
2016-10-24,214.89,120.56
2016-10-25,214.17,121.47
2016-10-26,213.74,120.79
2016-10-27,213.17,121.01
2016-10-28,212.54,121.58
2016-10-31,212.55,121.94
2016-11-01,211.01,122.73
2016-11-02,209.74,123.64
2016-11-03,208.78,124.3
2016-11-04,208.55,124.39
2016-11-07,213.15,122.15
2016-11-08,214.11,121.64
2016-11-09,216.3792,121.56
2016-11-10,216.92,119.75
2016-11-11,216.42,117.1
2016-11-14,216.59,116.11
2016-11-15,218.28,117.12
2016-11-16,217.87,116.77
2016-11-17,218.99,116.17
2016-11-18,218.5,115.15
2016-11-21,220.15,115.58
2016-11-22,220.58,115.54
2016-11-23,220.7,113.25
2016-11-24,,
2016-11-25,221.52,112.61
2016-11-28,220.48,113.8
2016-11-29,220.91,113.27
2016-11-30,220.38,111.75
2016-12-01,219.57,111.54
2016-12-02,219.68,112.14
2016-12-05,221.0,111.54
2016-12-06,221.7,111.43
2016-12-07,224.6,111.83
2016-12-08,225.15,111.57
2016-12-09,226.51,110.4
2016-12-12,226.25,110.82
2016-12-13,227.76,110.45
2016-12-14,225.88,108.83
2016-12-15,226.81,107.34
2016-12-16,225.04,108.05
2016-12-19,225.53,108.59
2016-12-20,226.4,107.79
2016-12-21,225.77,107.85
2016-12-22,225.38,107.59
2016-12-23,225.71,107.93
2016-12-26,,
2016-12-27,226.27,108.56
2016-12-28,224.4,108.86
2016-12-29,224.35,110.29
2016-12-30,223.53,109.61
2017-01-02,,
2017-01-03,225.24,110.47
2017-01-04,226.58,110.86
2017-01-05,226.4,112.58
2017-01-06,227.21,111.75
2017-01-09,226.46,112.67
2017-01-10,226.46,113.15
2017-01-11,227.1,113.5
2017-01-12,226.53,113.91
2017-01-13,227.05,114.21
2017-01-16,,
2017-01-17,226.25,115.85
2017-01-18,226.75,114.87
2017-01-19,225.91,114.77
2017-01-20,226.74,115.05
2017-01-23,226.15,115.79
2017-01-24,227.6,115.27
2017-01-25,229.57,114.32
2017-01-26,229.33,113.26
2017-01-27,228.97,113.49
2017-01-30,227.55,113.97
2017-01-31,227.53,115.55
2017-02-01,227.62,115.2
2017-02-02,227.77,115.84
2017-02-03,229.34,116.13
2017-02-06,228.93,117.7
2017-02-07,228.94,117.46
2017-02-08,229.24,118.19
2017-02-09,230.6,117.29
2017-02-10,231.51,117.6
2017-02-13,232.77,116.8
2017-02-14,233.7,116.93
2017-02-15,234.92,117.45
2017-02-16,234.72,118.08
2017-02-17,235.09,117.68
2017-02-20,,
2017-02-21,236.49,117.75
2017-02-22,236.28,117.91
2017-02-23,236.44,118.94
2017-02-24,236.74,119.7
2017-02-27,237.11,119.12
2017-02-28,236.47,119.23
2017-03-01,239.78,119.06
2017-03-02,238.27,117.58
2017-03-03,238.42,117.51
2017-03-06,237.71,116.72
2017-03-07,237.0,115.78
2017-03-08,236.56,115.06
2017-03-09,236.86,114.47
2017-03-10,237.69,114.72
2017-03-13,237.81,114.74
2017-03-14,236.9,114.12
2017-03-15,238.95,116.25
2017-03-16,238.48,116.73
2017-03-17,237.03,116.99
2017-03-20,236.77,117.5645
2017-03-21,233.73,118.54
2017-03-22,234.28,118.83
2017-03-23,234.03,118.67
2017-03-24,233.86,118.86
2017-03-27,233.62,119.53
2017-03-28,235.32,119.04
2017-03-29,235.54,119.33
2017-03-30,236.29,118.47
2017-03-31,235.74,118.72
2017-04-03,235.33,119.35
2017-04-04,235.48,119.62
2017-04-05,234.78,119.62
2017-04-06,235.44,119.18
2017-04-07,235.2,119.46
2017-04-10,235.34,119.46
2017-04-11,235.06,121.19
2017-04-12,234.03,122.02
2017-04-13,232.51,122.6
2017-04-14,,
2017-04-17,234.57,122.24
2017-04-18,233.87,122.82
2017-04-19,233.44,121.73
2017-04-20,235.34,121.96
2017-04-21,234.59,122.31
2017-04-24,237.17,121.48
2017-04-25,238.55,120.25
2017-04-26,238.4,120.84
2017-04-27,238.6,120.39
2017-04-28,238.08,120.77
2017-05-01,238.68,119.67
2017-05-02,238.77,119.65
2017-05-03,238.48,117.98
2017-05-04,238.76,116.79
2017-05-05,239.7,117.01
2017-05-08,239.66,116.75
2017-05-09,239.44,116.05
2017-05-10,239.87,116.04
2017-05-11,239.38,116.5
2017-05-12,238.98,116.83
2017-05-15,240.3,117.14
2017-05-16,240.08,117.65
2017-05-17,235.82,119.79
2017-05-18,236.77,118.81
2017-05-19,238.31,119.4
2017-05-22,239.52,119.9
2017-05-23,240.05,119.14
2017-05-24,240.61,119.61
2017-05-25,241.76,119.48
2017-05-26,241.71,120.54
2017-05-29,,
2017-05-30,241.5,120.14
2017-05-31,241.44,120.62
2017-06-01,243.36,120.72
2017-06-02,244.17,121.61
2017-06-05,243.99,121.73
2017-06-06,243.21,123.1
2017-06-07,243.66,122.45
2017-06-08,243.78,121.65
2017-06-09,243.41,120.54
2017-06-12,243.36,120.36
2017-06-13,244.55,120.48
2017-06-14,244.24,119.82
2017-06-15,243.77,119.32
2017-06-16,242.64,119.34
2017-06-19,244.66,118.43
2017-06-20,243.01,118.18
2017-06-21,242.95,118.52
2017-06-22,242.84,118.92
2017-06-23,243.13,119.43
2017-06-26,243.29,118.36
2017-06-27,241.33,118.81
2017-06-28,243.49,118.9
2017-06-29,241.35,118.32
2017-06-30,241.8,118.02
2017-07-03,242.21,116.09
2017-07-04,,
2017-07-05,242.77,116.52
2017-07-06,240.55,116.47
2017-07-07,242.11,115.28
2017-07-10,242.37,115.47
2017-07-11,242.19,115.62
2017-07-12,244.01,116.03
2017-07-13,244.42,115.82
2017-07-14,245.56,116.77
2017-07-17,245.53,117.29
2017-07-18,245.66,118.11
2017-07-19,246.99,118.08
2017-07-20,247.1,118.24
2017-07-21,246.88,119.26
2017-07-24,246.82,119.31
2017-07-25,247.42,118.92
2017-07-26,247.43,119.88
2017-07-27,247.2,119.79
2017-07-28,246.91,120.69
2017-07-31,246.77,120.75
2017-08-01,247.32,120.65
2017-08-02,247.44,120.4
2017-08-03,246.96,120.59
2017-08-04,247.41,119.65
2017-08-07,247.87,119.51
2017-08-08,247.26,119.86
2017-08-09,247.25,121.31
2017-08-10,243.76,122.21
2017-08-11,244.12,122.79
2017-08-14,246.54,121.92
2017-08-15,246.51,120.98
2017-08-16,246.94,121.87
2017-08-17,243.09,122.49
2017-08-18,242.71,122.3
2017-08-21,242.9,122.76
2017-08-22,245.44,122.21
2017-08-23,244.56,122.67
2017-08-24,243.99,122.29
2017-08-25,244.56,122.74
2017-08-28,244.57,124.69
2017-08-29,244.85,124.42
2017-08-30,246.01,124.36
2017-08-31,247.49,125.82
2017-09-01,247.84,126.06
2017-09-04,,
2017-09-05,246.06,127.46
2017-09-06,246.9,126.81
2017-09-07,246.87,128.13
2017-09-08,246.58,127.97
2017-09-11,249.21,126.19
2017-09-12,250.05,126.56
2017-09-13,250.17,125.61
2017-09-14,250.09,126.16
2017-09-15,249.19,125.53
2017-09-18,249.72,124.36
2017-09-19,249.97,124.62
2017-09-20,250.06,123.62
2017-09-21,249.39,122.68
2017-09-22,249.44,123.24
2017-09-25,248.93,124.53
2017-09-26,249.08,123.14
2017-09-27,250.05,121.98
2017-09-28,250.35,122.21
2017-09-29,251.23,121.58
2017-10-02,252.32,120.77
2017-10-03,252.86,120.83
2017-10-04,253.16,121.17
2017-10-05,254.66,120.52
2017-10-06,254.37,121.09
2017-10-09,253.95,122.08
2017-10-10,254.62,122.4
2017-10-11,255.02,122.79
2017-10-12,254.64,122.89
2017-10-13,254.95,123.82
2017-10-16,255.29,122.97
2017-10-17,255.47,122.13
2017-10-18,255.72,121.67
2017-10-19,255.79,122.39
2017-10-20,257.11,121.61
2017-10-23,256.11,121.8
2017-10-24,256.56,121.33
2017-10-25,255.29,121.35
2017-10-26,255.62,120.33
2017-10-27,257.71,120.9
2017-10-30,256.75,121.13
2017-10-31,257.15,120.67
2017-11-01,257.49,121.11
2017-11-02,257.59,121.19
2017-11-03,258.45,120.62
2017-11-06,258.85,121.65
2017-11-07,258.67,121.21
2017-11-08,259.11,121.63
2017-11-09,258.17,122.13
2017-11-10,258.09,121.13
2017-11-13,258.33,121.31
2017-11-14,257.73,121.56
2017-11-15,256.44,121.41
2017-11-16,258.62,121.4
2017-11-17,257.86,122.86
2017-11-20,258.3,121.31
2017-11-21,259.99,121.51
2017-11-22,259.76,122.63
2017-11-23,,
2017-11-24,260.36,122.32
2017-11-27,260.23,122.83
2017-11-28,262.87,122.81
2017-11-29,262.71,122.04
2017-11-30,265.01,121.1
2017-12-01,264.46,121.59
2017-12-04,264.14,121.18
2017-12-05,263.19,120.32
2017-12-06,263.24,120.07
2017-12-07,264.07,118.49
2017-12-08,265.51,118.48
2017-12-11,266.31,118.01
2017-12-12,266.78,118.15
2017-12-13,266.75,119.17
2017-12-14,265.66,118.93
2017-12-15,266.51,119.18
2017-12-18,268.2,119.73
2017-12-19,267.17,119.82
2017-12-20,267.03,120.14
2017-12-21,267.58,120.31
2017-12-22,267.51,120.94
2017-12-25,,
2017-12-26,267.19,121.77
2017-12-27,267.32,122.23
2017-12-28,267.87,122.85
2017-12-29,266.86,123.65
2018-01-01,,
2018-01-02,268.77,125.15
2018-01-03,270.47,124.82
2018-01-04,271.61,125.46
2018-01-05,273.42,125.33
2018-01-08,273.92,125.31
2018-01-09,274.54,124.73
2018-01-10,274.12,125.03
2018-01-11,276.12,125.44
2018-01-12,277.92,126.96
2018-01-15,,
2018-01-16,276.97,127.17
2018-01-17,279.61,126.14
2018-01-18,279.14,125.86
2018-01-19,280.41,126.42
2018-01-22,282.69,126.65
2018-01-23,283.29,127.28
2018-01-24,283.18,128.83
2018-01-25,283.3,127.97
2018-01-26,286.58,128.07
2018-01-29,284.68,127.35
2018-01-30,281.76,126.8
2018-01-31,281.9,127.65
2018-02-01,281.58,128.07
2018-02-02,275.45,126.39
2018-02-05,263.93,126.71
2018-02-06,269.13,125.38
2018-02-07,267.67,124.79
2018-02-08,257.63,124.98
2018-02-09,261.5,124.77
2018-02-12,265.34,125.37
2018-02-13,266.0,126.08
2018-02-14,269.59,128.23
2018-02-15,273.03,128.38
2018-02-16,273.11,127.96
2018-02-19,,
2018-02-20,271.4,126.24
2018-02-21,270.05,125.66
2018-02-22,270.4,126.3
2018-02-23,274.71,126.14
2018-02-26,277.9,126.45
2018-02-27,274.43,125.13
2018-02-28,271.65,125.0
2018-03-01,267.7,124.72
2018-03-02,269.08,125.39
2018-03-05,272.19,125.18
2018-03-06,272.88,126.53
2018-03-07,272.78,125.72
2018-03-08,274.1,125.42
2018-03-09,278.87,125.54
2018-03-12,278.52,125.54
2018-03-13,276.72,125.78
2018-03-14,275.3,125.7
2018-03-15,275.0,124.9
2018-03-16,274.2,124.6
2018-03-19,270.49,124.87
2018-03-20,270.95,124.31
2018-03-21,270.43,126.48
2018-03-22,263.67,125.98
2018-03-23,258.05,127.61
2018-03-26,265.11,128.28
2018-03-27,260.6,127.49
2018-03-28,259.83,125.73
2018-03-29,263.15,125.79
2018-03-30,,
2018-04-02,257.47,127.26
2018-04-03,260.77,126.3
2018-04-04,263.56,126.45
2018-04-05,265.64,125.8
2018-04-06,259.72,126.39
2018-04-09,261.0,126.82
2018-04-10,265.15,127.12
2018-04-11,263.76,128.11
2018-04-12,265.93,126.62
2018-04-13,265.15,127.45
2018-04-16,267.33,127.63
2018-04-17,270.19,127.75
2018-04-18,270.39,127.85
2018-04-19,268.89,127.6
2018-04-20,266.61,126.63
2018-04-23,266.57,125.62
2018-04-24,262.98,126.23
2018-04-25,263.63,125.41
2018-04-26,266.31,124.97
2018-04-27,266.56,125.5
2018-04-30,264.51,124.59
2018-05-01,264.98,123.71
2018-05-02,263.2,123.65
2018-05-03,262.62,124.28
2018-05-04,266.02,124.54
2018-05-07,266.92,124.57
2018-05-08,266.92,124.59
2018-05-09,269.5,124.33
2018-05-10,272.02,125.18
2018-05-11,272.85,125.0
2018-05-14,272.98,124.49
2018-05-15,271.1,122.48
2018-05-16,272.24,122.29
2018-05-17,272.01,122.36
2018-05-18,271.33,122.41
2018-05-21,273.37,122.48
2018-05-22,272.61,122.41
2018-05-23,273.36,122.54
2018-05-24,272.8,123.59
2018-05-25,272.15,123.21
2018-05-28,,
2018-05-29,269.02,123.19
2018-05-30,272.61,123.37
2018-05-31,270.94,123.1
2018-06-01,273.6,122.49
2018-06-04,274.9,122.37
2018-06-05,275.1,122.85
2018-06-06,277.4,122.92
2018-06-07,277.37,122.86
2018-06-08,278.19,123.01
2018-06-11,278.56,123.23
2018-06-12,278.92,122.82
2018-06-13,278.03,123.19
2018-06-14,278.73,123.38
2018-06-15,277.13,121.34
2018-06-18,276.56,121.11
2018-06-19,275.5,120.8
2018-06-20,275.97,120.26
2018-06-21,274.24,120.05
2018-06-22,274.74,120.34
2018-06-25,271.0,119.89
2018-06-26,271.6,119.26
2018-06-27,269.35,118.58
2018-06-28,270.89,118.22
2018-06-29,271.28,118.65
